CREATE DATABASE  IF NOT EXISTS `geopedia` /*!40100 DEFAULT CHARACTER SET utf8mb4 COLLATE utf8mb4_unicode_ci */ /*!80016 DEFAULT ENCRYPTION='N' */;
USE `geopedia`;
-- MySQL dump 10.13  Distrib 8.0.26, for Win64 (x86_64)
--
-- Host: localhost    Database: geopedia
-- ------------------------------------------------------
-- Server version	8.0.26

/*!40101 SET @OLD_CHARACTER_SET_CLIENT=@@CHARACTER_SET_CLIENT */;
/*!40101 SET @OLD_CHARACTER_SET_RESULTS=@@CHARACTER_SET_RESULTS */;
/*!40101 SET @OLD_COLLATION_CONNECTION=@@COLLATION_CONNECTION */;
/*!50503 SET NAMES utf8 */;
/*!40103 SET @OLD_TIME_ZONE=@@TIME_ZONE */;
/*!40103 SET TIME_ZONE='+00:00' */;
/*!40014 SET @OLD_UNIQUE_CHECKS=@@UNIQUE_CHECKS, UNIQUE_CHECKS=0 */;
/*!40014 SET @OLD_FOREIGN_KEY_CHECKS=@@FOREIGN_KEY_CHECKS, FOREIGN_KEY_CHECKS=0 */;
/*!40101 SET @OLD_SQL_MODE=@@SQL_MODE, SQL_MODE='NO_AUTO_VALUE_ON_ZERO' */;
/*!40111 SET @OLD_SQL_NOTES=@@SQL_NOTES, SQL_NOTES=0 */;

--
-- Table structure for table `capitalcity`
--

DROP TABLE IF EXISTS `capitalcity`;
/*!40101 SET @saved_cs_client     = @@character_set_client */;
/*!50503 SET character_set_client = utf8mb4 */;
CREATE TABLE `capitalcity` (
  `LONGITUDE` float NOT NULL,
  `LATITUDE` float NOT NULL,
  `NAME` varchar(50) COLLATE utf8mb4_unicode_ci NOT NULL,
  `COUNTRYNAME` varchar(60) COLLATE utf8mb4_unicode_ci DEFAULT NULL,
  `POPULATION` int DEFAULT NULL,
  `AREA` float DEFAULT NULL,
  `GOVERNOR` varchar(60) COLLATE utf8mb4_unicode_ci DEFAULT NULL,
  PRIMARY KEY (`LONGITUDE`,`LATITUDE`),
  KEY `FK_CN` (`COUNTRYNAME`),
  CONSTRAINT `FK_CN` FOREIGN KEY (`COUNTRYNAME`) REFERENCES `country` (`NAME`) ON DELETE SET NULL ON UPDATE CASCADE
) ENGINE=InnoDB DEFAULT CHARSET=utf8mb4 COLLATE=utf8mb4_unicode_ci;
/*!40101 SET character_set_client = @saved_cs_client */;

--
-- Dumping data for table `capitalcity`
--

LOCK TABLES `capitalcity` WRITE;
/*!40000 ALTER TABLE `capitalcity` DISABLE KEYS */;
INSERT INTO `capitalcity` VALUES (-41.2889,174.777,'Wellington','New Zealand',215900,442,'Andy Foster'),(-35.2931,149.127,'Canberra','Australia',410301,814.2,NULL),(-34.8836,-56.1819,'Montevideo','Uruguay',1369797,201,'Carolina Cosse'),(-34.6033,-58.3817,'Buenos Aires','Argentina',2891082,203,'Horacio Rodríguez Larreta'),(-33.45,-70.667,'Santiago','Chile',6310000,641,'Claudio Orrego Larraín'),(-29.31,27.48,'Maseru','Lesotho',267652,138,NULL),(-29.117,26.217,'Bloemfontein','South Africa',556000,236.17,NULL),(-26.317,31.133,'Mbabane','Eswatini',81594,81.76,'Sikhumbuzo Dube'),(-25.967,32.583,'Maputo','Mozambique',1076689,347.69,'Iolanda Cintura'),(-25.3,-57.633,'Asunción','Paraguay',520722,117,'Óscar Rodríguez'),(-24.6581,25.9122,'Gaborone','Botswana',225656,169,'Thata Father Maphongo'),(-22.57,17.0836,'Windhoek','Namibia',252721,5133,'Job Amupanda'),(-21.1333,-175.2,'Nuku?alofa','Tonga',22400,NULL,NULL),(-20.1644,57.5042,'Port Louis','Mauritius',147251,46.7,'Chris Lo?c Dick'),(-18.933,47.517,'Antananarivo','Madagascar',1613375,88,'Naina Andriantsitohaina'),(-18.1416,178.442,'Suva','Fiji',84410,2048,NULL),(-17.8292,31.0522,'Harare','Zimbabwe',1487028,960.6,'Jacob Mafume'),(-17.733,168.317,'Port Vila','Vanuatu',38000,23.6,'Erick Puyo Festa'),(-16.5,-68.15,'La Paz','Bolivia',766468,472,'Ivan Arias'),(-15.7939,-47.8828,'Brasília','Brazil',2648532,5802,NULL),(-15.417,28.283,'Lusaka','Zambia',1331254,418,'Miles Sampa'),(-13.983,33.783,'Lilongwe','Malawi',902388,727.79,'Juliana Kaduya'),(-13.833,-171.75,'Apia','Samoa',39813,123.81,NULL),(-12.05,-77.033,'Lima','Peru',8852000,800,'Jorge Mu?oz'),(-11.699,43.256,'Moroni','Comoros',60200,30,NULL),(-9.47889,147.149,'Port Moresby','Papua New Guinea',299396,240,'Powes Parkop'),(-9.43194,159.956,'Honiara','Solomon Islands',59288,22,'Wilson Mamae'),(-8.83833,13.2344,'Luanda','Angola',2453779,116,NULL),(-8.55361,125.578,'Dili','East Timor',59069,48.27,NULL),(-8.517,179.2,'Funafuti','Tuvalu',4492,2.4,NULL),(-6.2,106.817,'Jakarta','Indonesia',10075310,662.3,'Anies Baswedan'),(-6.17306,35.7419,'Dodoma','Tanzania',287200,2576,'Davis G. Mwamfupe'),(-4.617,55.45,'Victoria','Seychelles',29298,20.1,'David André'),(-4.325,15.3222,'Kinshasa','Democratic Republic of the Congo',12691000,600,'Gentiny Ngobila Mbala'),(-4.26778,15.2919,'Brazzaville','Republic of the Congo',1827000,263.9,'Dieudonné Bantsimba'),(-3.433,29.9,'Gitega','Burundi',41944,22,NULL),(-1.94389,30.0594,'Kigali','Rwanda',718414,730,'Pudence Rubingisa'),(-1.28639,36.8172,'Nairobi','Kenya',3138369,696,'Anne Kananu Mwenda'),(-0.5477,166.921,'Yaren','Nauru',1100,1.5,NULL),(-0.22,-78.5125,'Quito','Ecuador',1504991,372.39,'Brith Vaca'),(0.31361,32.5811,'Kampala','Uganda',1659600,189,'Erias Lukwago'),(0.33611,6.73056,'S?o Tomé','S?o Tomé and Príncipe',56166,17,NULL),(0.39028,9.45417,'Libreville','Gabon',556425,65.42,NULL),(1.367,103.8,'Singapore','Singapore',5453600,728,NULL),(1.433,173,'South Tarawa','Kiribati',63439,15.76,NULL),(2.033,45.333,'Mogadishu','Somalia',1097133,91,'Omar M. Finnish'),(3.14778,101.695,'Kuala Lumpur','Malaysia',1381830,243,'Mahadi bin Che Ngah'),(3.75206,8.7737,'Malabo','Equatorial Guinea',100677,21,NULL),(3.867,11.517,'Yaoundé','Cameroon',2765568,180,NULL),(4.17528,73.5089,'Malé','Maldives',103693,1.95,'Dr. Mohamed Muiz'),(4.37333,18.5628,'Bangui','Central African Republic',731548,67,'Emile Raymond Gros Nakombo'),(4.71111,-74.0722,'Bogotá','Colombia',7181469,1587,'Claudia López Hernández'),(4.85,31.6,'Juba','South Sudan',372410,52,'Stephen Wani Michael'),(4.89028,114.942,'Bandar Seri Begawan','Brunei',28135,100.36,NULL),(5.55,-0.2,'Accra','Ghana',1640507,173,NULL),(5.85222,-55.2039,'Paramaribo','Suriname',254147,182,NULL),(6.13194,1.22278,'Lomé','Togo',824738,99.14,'Aouissi Lodé'),(6.31333,-10.8014,'Monrovia','Liberia',1010970,194.25,'Jefferson T. Koijee'),(6.49722,2.605,'Porto-Novo','Benin',223552,110,'Emmanuel Zossou'),(6.80111,-58.1553,'Georgetown','Guyana',134599,70,'Ubraj Narine'),(6.81611,-5.27417,'Yamoussoukro','Ivory Coast',454929,3500,'Augustin Abdoulaye Thiam Houphouët'),(6.917,79.917,'Sri Jayawardenepura Kotte','Sri Lanka',115826,17,'I M V Premalal'),(6.91722,158.159,'Palikir','Federated States of Micronesia',9900,NULL,NULL),(7.083,171.383,'Majuro','Marshall Islands',25400,9.7,'Ladie Jack'),(7.50056,134.624,'Ngerulmud','Palau',271,NULL,NULL),(8.48444,-13.2344,'Freetown','Sierra Leone',1070200,81.48,'Yvonne Aki-Sawyerr'),(8.983,-79.517,'Panama City','Panama',813097,275,'José Luis Fábrega'),(9.03,38.74,'Addis Ababa','Ethiopia',3040740,527,'Adanech Abebe'),(9.067,7.483,'Abuja','Nigeria',778567,713,NULL),(9.50917,-13.7122,'Conakry','Guinea',1399981,450,NULL),(9.933,-84.083,'San José','Costa Rica',328195,44.62,'Johnny Araya Monge'),(10.4806,-66.9036,'Caracas','Venezuela',1838939,433,NULL),(10.667,-61.517,'Port of Spain','Trinidad and Tobago',50479,12,'Joel Martinez, PNM'),(11.5694,104.921,'Phnom Penh','Cambodia',2011725,679,'Khuong Sreng'),(11.5883,43.145,'Djibouti','Djibouti',600000,26,'Fatouma Awaleh Osman'),(11.85,-15.567,'Bissau','Guinea-Bissau',452640,77.5,NULL),(12.05,-61.75,'St. George\'s','Grenada',7500,NULL,NULL),(12.11,15.05,'N\'Djamena','Chad',751288,104,NULL),(12.1364,-86.2514,'Managua','Nicaragua',926883,267.17,'Reyna Rueda'),(12.367,-1.533,'Ouagadougou','Burkina Faso',1005231,520,'Armand Béouindé'),(12.6392,-8.00278,'Bamako','Mali',1289626,245,'Adama Sangaré'),(13.0975,-59.6167,'Bridgetown','Barbados',110000,40,NULL),(13.1578,-61.225,'Kingstown','Saint Vincent and the Grenadines',40020,NULL,NULL),(13.4531,-16.5775,'Banjul','The Gambia',34828,12,'Rohey Malick Lowe'),(13.5117,2.12528,'Niamey','Niger',794814,239.3,'Assane Seydou Sanda'),(13.6989,-89.1914,'San Salvador','El Salvador',521366,72.25,'Mario Durán'),(13.7525,100.494,'Bangkok','Thailand',8305218,1568.74,'Aswin Kwanmuang'),(14.017,-60.983,'Castries','Saint Lucia',20000,79,'Geraldine Lendor-Gabriel'),(14.1,-87.217,'Tegucigalpa','Honduras',735982,1502,'Juan García'),(14.6,120.98,'Manila','Philippines',1780148,42.88,'Isko Moreno'),(14.6133,-90.5353,'Guatemala City','Guatemala',2450212,220,'Ricardo Qui?ónez Lemus'),(14.6928,-17.4467,'Dakar','Senegal',1030594,83,'Soham El Wardini'),(14.918,-23.509,'Praia','Cape Verde',125464,102.6,NULL),(15.3014,-61.3883,'Roseau','Dominica',14847,NULL,'Cecil Joseph'),(15.3228,38.925,'Asmara','Eritrea',694000,45,'Fshaye Haile'),(15.3483,44.2064,'Sana\'a','Yemen',1431649,126,NULL),(15.5006,32.56,'Khartoum','Sudan',1840661,22142,NULL),(17.117,-61.85,'St. John\'s','Antigua and Barbuda',22679,10,NULL),(17.2514,-88.7669,'Belmopan','Belize',16451,32.78,'Khalid Belisle'),(17.3,-62.733,'Basseterre','Saint Kitts and Nevis',13043,6.1,NULL),(17.967,102.6,'Vientiane','Laos',287579,130,NULL),(17.9714,-76.7931,'Kingston','Jamaica',701063,480,'Delroy Williams'),(18.0858,-15.9785,'Nouakchott','Mauritania',719167,1000,NULL),(18.467,-69.95,'Santo Domingo','Dominican Republic',1111838,104.44,'Carolina Mejía'),(18.533,-72.333,'Port-au-Prince','Haiti',1235227,36.04,'Ralph Youri Chevry'),(19.433,-99.133,'Mexico City','Mexico',8918653,1485,'Claudia Sheinbaum'),(19.7475,96.115,'Naypyidaw','Myanmar',925000,7054,'Myo Aung'),(21.0283,105.854,'Hanoi','Vietnam',8053663,3358.6,'Chu Ng?c Anh'),(23.1367,-82.3589,'Havana','Cuba',2135498,728.26,'Reinaldo García Zapata'),(23.5889,58.4083,'Muscat','Oman',797000,273.9,NULL),(23.7639,90.3889,'Dhaka','Bangladesh',8906039,306,'Atiqul Islam'),(24.467,54.367,'Abu Dhabi','United Arab Emirates',585097,972,'HE Saif Badr Al Qubaisi'),(24.633,46.717,'Riyadh','Saudi Arabia',7676654,1913,'Faisal bin Bandar Al Saud'),(25.067,-77.333,'Nassau','The Bahamas',248948,207,NULL),(25.2867,51.5333,'Doha','Qatar',1450000,132,NULL),(26.225,50.5775,'Manama','Bahrain',140616,30,'Hamad bin Isa Al Khalifa'),(27.4722,89.6361,'Thimphu','Bhutan',101259,26.1,'Ugyen Dorji'),(27.7172,85.324,'Kathmandu','Nepal',1003285,49.45,'Hari Prabha Khadgi'),(28.6139,77.209,'New Delhi','India',257803,42.7,NULL),(29.3697,47.9783,'Kuwait City','Kuwait',1171880,200,NULL),(30.033,31.233,'Cairo','Egypt',9848576,3085.12,'Khaled Abdel Aal'),(31.783,35.217,'Jerusalem','State of Palestine',927000,125.126,'Moshe Lion'),(31.9497,35.9328,'Amman','Jordan',2600603,1680,NULL),(32.067,34.783,'Tel Aviv','Israel',460613,52,'Ron Huldai'),(32.8872,13.1914,'Tripoli','Libya',1184045,1507,'Abdulrauf Beitelmal'),(33.333,44.383,'Baghdad','Iraq',6719500,673,NULL),(33.5131,36.2919,'Damascus','Syria',3500000,105,NULL),(33.6931,73.0639,'Islamabad','Pakistan',1014825,220,'Syed Zeeshan Ali Naqvi'),(33.8869,35.5131,'Beirut','Lebanon',1574387,19.8,NULL),(34.033,-6.833,'Rabat','Morocco',1789635,117,'Asmaa Rhlalou'),(34.5253,69.1783,'Kabul','Afghanistan',3140853,275,'Hamdullah Nomani'),(35.1725,33.365,'Nicosia','Cyprus',270000,51.06,'Constantinos Yiorkadjis'),(35.6892,51.3889,'Tehran','Iran',8693706,1200,'Alireza Zakani'),(35.6897,139.692,'Tokyo','Japan',13929286,2194.07,'Yuriko Koike'),(35.8983,14.5125,'Valletta','Malta',6444,0.61,'Alfred Zammit'),(36.7539,3.05889,'Algiers','Algeria',3415811,363,'Abdelkader Seyouda'),(36.8064,10.1817,'Tunis','Tunisia',767629,212.63,'Souad Abderrahim'),(37.56,126.99,'Seoul','South Korea',9838892,605.21,'Oh Se-hoon'),(37.9375,58.38,'Ashgabat','Turkmenistan',763537,440,'Ýaztagan Gylyjow'),(37.9842,23.7281,'Athens','Greece',664046,38.964,'Kostas Bakoyannis'),(38.5367,68.78,'Dushanbe','Tajikistan',582496,124.6,'Rustam Emomali'),(38.7253,-9.15002,'Lisbon','Portugal',564657,100.05,'Carlos Moedas'),(38.9101,-77.0147,'Washington, D.C.','United States',705749,177,'Washington DullesReagan NationalBaltimore/Washington'),(39.0194,125.738,'Pyongyang','North Korea',3144005,2000,'Cha Hui-rim'),(39.9067,116.397,'Beijing','China',21542000,4144,'Li Wei'),(39.93,32.85,'Ankara','Turkey',5445026,24521,'Mansur Yavaº'),(40.1814,44.5144,'Yerevan','Armenia',1080487,223,'Hayk Marutyan'),(40.3953,49.8822,'Baku','Azerbaijan',2204200,2140,'Eldar Azizov'),(40.417,-3.717,'Madrid','Spain',3266126,604.31,'José Luis Martínez-Almeida'),(41.3,69.267,'Tashkent','Uzbekistan',2207850,334.8,NULL),(41.3289,19.8178,'Tirana','Albania',763634,41.8,'Toni Gogu'),(41.7225,44.7925,'Tbilisi','Georgia',1044993,504.2,'Kakha Kaladze'),(41.883,12.5,'Rome','Italy',2873104,1285,'Roberto Gualtieri'),(41.9048,12.4546,'Vatican City','Vatican City',825,0.49,NULL),(42,21.433,'Skopje','North Macedonia',521000,337.8,'Danela Arsovska'),(42.4413,19.2629,'Podgorica','Montenegro',141854,108,'Ivan Vukoviæ'),(42.5,1.5,'Andorra la Vella','Andorra',22884,12,'Conxita Marsol'),(42.7,23.33,'Sofia','Bulgaria',1277000,492,'Yordanka Fandakova'),(42.8747,74.6122,'Bishkek','Kyrgyzstan',843240,169.9,'Aibek Dzhunushaliev'),(43.7312,7.41974,'Monaco','Monaco',38350,2.02,'Georges Marsan'),(43.867,18.417,'Sarajevo','Bosnia and Herzegovina',395133,141.5,'Benjamina Kariæ'),(43.9346,12.4473,'San Marino','San Marino',4071,7.09,NULL),(44.4325,26.1039,'Bucharest','Romania',1942254,228,'Nicu?or Dan'),(44.817,20.467,'Belgrade','Serbia',1154589,359.9,'Goran Vesiæ'),(45.4247,-75.695,'Ottawa','Canada',934243,2970.3,'Jim Watson'),(45.817,15.983,'Zagreb','Croatia',804200,641,'Tomislav Toma¹eviæ'),(46.0556,14.5083,'Ljubljana','Slovenia',280140,163.8,'Zoran Jankoviæ'),(46.9481,7.4475,'Bern','Switzerland',121631,51.62,'Stadtpräsident'),(47.0228,28.8353,'Chi?inãu','Moldova',532513,123,'Ion Ceban'),(47.141,9.521,'Vaduz','Liechtenstein',5248,17.3,'Manfred Bischof'),(47.4925,19.0514,'Budapest','Hungary',1729040,525.2,'Gergely Karácsony'),(47.9203,106.917,'Ulaanbaatar','Mongolia',907802,4704.4,'Dolgorsürengiin Sumyaabazar'),(48.1439,17.1097,'Bratislava','Slovakia',424207,367.584,'Matú¹ Vallo'),(48.2,16.367,'Vienna','Austria',1749673,414.78,'Michael Ludwig'),(48.8566,2.35222,'Paris','France',2241346,105.4,'Anne Hidalgo'),(49.6117,6.13194,'Luxembourg','Luxembourg',124528,51.46,'Lydie Polfer'),(50.083,14.417,'Prague','Czech Republic',1241664,496,'Zdenìk Høib'),(50.45,30.5233,'Kyiv','Ukraine',2847200,839,'Vitali Klitschko'),(50.8467,4.3525,'Brussels','Belgium',148873,32.61,'Philippe Close'),(51.167,71.433,'Nur-Sultan','Kazakhstan',1029556,810.2,NULL),(51.5072,-0.1275,'London','United Kingdom',8908081,1572,'Sadiq Khan'),(52.233,21.017,'Warsaw','Poland',1711324,517.24,'Rafa³ Trzaskowski'),(52.367,4.9,'Amsterdam','Netherlands',855965,219.32,'Femke Halsema'),(52.52,13.405,'Berlin','Germany',3748148,891.1,'Michael Müller'),(53.3497,-6.26028,'Dublin','Republic of Ireland',1173179,115,'Alison Gilliland'),(53.9,27.567,'Minsk','Belarus',1702061,409.5,'Vladimir Kukharev'),(54.683,25.283,'Vilnius','Lithuania',556723,401,'Remigijus ©ima¹ius'),(55.6761,12.5683,'Copenhagen','Denmark',794128,179.8,NULL),(55.7558,37.6172,'Moscow','Russia',12506468,2511,'Sergey Sobyanin'),(56.9489,24.1064,'Riga','Latvia',713016,324,'M?rti?¹ Sta?is'),(59.3294,18.0686,'Stockholm','Sweden',962154,188,'Anna König Jerlmyr'),(59.4372,24.7453,'Tallinn','Estonia',440206,159.2,'Mihhail K?lvart'),(59.9139,10.7522,'Oslo','Norway',645701,480.75,'Marianne Borgen'),(60.1708,24.9375,'Helsinki','Finland',635591,715.48,'Juhana Vartiainen'),(64.1467,-21.94,'Reykjavík','Iceland',115000,273,NULL);
/*!40000 ALTER TABLE `capitalcity` ENABLE KEYS */;
UNLOCK TABLES;

--
-- Table structure for table `country`
--

DROP TABLE IF EXISTS `country`;
/*!40101 SET @saved_cs_client     = @@character_set_client */;
/*!50503 SET character_set_client = utf8mb4 */;
CREATE TABLE `country` (
  `NAME` varchar(60) COLLATE utf8mb4_unicode_ci NOT NULL,
  `CONTINENT` varchar(15) COLLATE utf8mb4_unicode_ci DEFAULT NULL,
  `POPULATION` int DEFAULT NULL,
  `AREA` float DEFAULT NULL,
  `WATERPERCENTAGE` float DEFAULT NULL,
  `GDPNOMINAL` int DEFAULT NULL,
  `GDPPP` int DEFAULT NULL,
  `LEGISLATURE` varchar(100) COLLATE utf8mb4_unicode_ci DEFAULT NULL,
  `HEADOFSTATENAME` varchar(60) COLLATE utf8mb4_unicode_ci DEFAULT NULL,
  `DRIVINGSIDE` char(1) COLLATE utf8mb4_unicode_ci DEFAULT NULL,
  `CALLINGCODE` varchar(10) COLLATE utf8mb4_unicode_ci DEFAULT NULL,
  `CURRENCY` varchar(90) COLLATE utf8mb4_unicode_ci DEFAULT NULL,
  `HDI` float DEFAULT NULL,
  `GINIINDEX` float DEFAULT NULL,
  `DATEASSUMEDOFFICE` date DEFAULT NULL,
  `COVIDCASES` int DEFAULT NULL,
  `COVIDVACCINATIONS` int DEFAULT NULL,
  PRIMARY KEY (`NAME`),
  KEY `FK_HN` (`HEADOFSTATENAME`),
  CONSTRAINT `FK_HN` FOREIGN KEY (`HEADOFSTATENAME`) REFERENCES `headofstate` (`NAME`) ON DELETE SET NULL ON UPDATE CASCADE
) ENGINE=InnoDB DEFAULT CHARSET=utf8mb4 COLLATE=utf8mb4_unicode_ci;
/*!40101 SET character_set_client = @saved_cs_client */;

--
-- Dumping data for table `country`
--

LOCK TABLES `country` WRITE;
/*!40000 ALTER TABLE `country` DISABLE KEYS */;
INSERT INTO `country` VALUES ('Afghanistan','Asia',32890171,652864,0,17876,83370,'National Assembly (??? ???? Mili Shura / ????? ??? Shura-e Milli)','Hibatullah Akhundzada','R','+93','Afghani (??????) (AFN)',0.511,NULL,'2021-08-19',156397,3398410),('Albania','Europe',2829741,28748,4.7,15278,43553,'Parliament (Kuvendi i Shqipërisë)','Ilir Meta','R','+355','Lek (ALL)',0.795,34.3,'2017-07-24',189125,1031588),('Algeria','Africa',44700000,2381740,0,171157,514748,'Parliament (????????, Parlement)','Abdelmadjid Tebboune','R','+213','Algerian dinar (DZD)',0.748,27.6,'2019-12-19',207156,6381144),('Andorra','Europe',78015,468,0,3154,NULL,'General Council (Consell General)','Joan Enric Vives i Sicília','R','+376','Euro (?)',0.868,27.21,'2003-05-12',15618,54312),('Angola','Africa',32097671,1246700,0,85000,219841,'National Assembly (Assembleia Nacional)','Jo?o Lourenço','R','+244','Kwanza (AOA)',0.581,51.3,'2017-09-26',64674,4846094),('Antigua and Barbuda','North America',99337,442,0,1661,1804,'Parliament','Elizabeth II','L','+1-268','East Caribbean dollar (XCD)',0.778,NULL,'1981-11-01',4091,56269),('Argentina','South America',45808747,2780400,1.57,449663,1015008,'National Congress of Argentina (Congreso de la Nación Argentina)','Alberto Fernández','R','+54','Argentine peso ($) (ARS)',0.845,42.9,'2019-12-10',5296781,35133377),('Armenia','Asia',2963900,29743,4.71,13672,40500,'National Assembly (??????? ????? Azgayin Zhoghov)','Armen Sarksyan','R','+374','Dram (?) (AMD)',0.776,29.9,'2018-04-09',320433,497971),('Australia','Oceania',25894232,7692020,0.76,1380207,1415564,'Parliament of Australia','Elizabeth II','L','+61','Australian dollar ($) (AUD)',0.944,32.5,'1952-02-06',181578,19303290),('Austria','Europe',8950544,83871,1.7,445075,517860,'Austrian Parliament','Alexander Van der Bellen','R','+43','Euro (?)',0.922,27,'2017-01-26',883887,5969251),('Azerbaijan','Asia',10139196,86600,0.13,48047,151866,'National Assembly (Milli M?clis)','Ilham Aliyev','R','+994','Manat (?) (AZN)',0.756,33.7,'2003-10-31',547281,5293969),('Bahrain','Asia',1501635,785,0,38574,77624,'National Assembly (?????? ??????)','Hamad bin Isa Al Khalifa','R','+973','Bahraini dinar (BHD)',0.852,NULL,'2002-02-14',277081,1181548),('Bangladesh','Asia',171657504,148460,9.6,317465,966485,'National Parliament (?????? ???? Jatiya Sangsad)','Abdul Hamid (politician)','L','+880','Taka (?) (BDT)',0.632,39.5,'2013-03-14',1571013,44688518),('Barbados','North America',288000,430,0,5209,4136,'Parliament','Elizabeth II','L','+1 -246','Barbadian dollar ($) (BBD)',0.814,NULL,'1966-11-30',20069,150015),('Belarus','Europe',9349645,207600,2.26,63080,192626,'National Assembly (??????????? ???? Nacyjanaåny schod / ???????????? ????????)','Alexander Lukashenko','R','+375','Belarusian ruble (BYN)',0.823,25.3,'1994-07-20',613927,2759758),('Belgium','Europe',11580185,30528,0.82,533097,623720,'Federal Parliament (Federaal Parlement / Parlement fédéral / Föderales Parlament)','Philippe of Belgium','R','+32','Euro (?) (EUR)',0.919,25.4,'2013-07-21',1414463,8726966),('Belize','North America',430191,22966,0.7,1906,2626,'National Assembly','Elizabeth II','R','+501','Belize dollar (BZD)',0.716,53.1,'1981-09-21',27894,223812),('Benin','Africa',12506347,114763,0.4,14403,44616,'National Assembly (Assemblée nationale)','Patrice Talon','R','+229','West African CFA franc (XOF)',0.545,47.8,'2016-04-06',24804,269540),('Bhutan','Asia',756129,38394,0,2564,8977,'Parliament of Bhutan','Jigme Khesar Namgyel Wangchuck','L','+975','Ngultrum (BTN) Indian rupee (?) (INR)',0.654,37.4,'2006-12-09',2623,588307),('Bolivia','South America',11797257,1098580,1.39,40895,105063,'Plurinational Legislative Assembly (Asamblea Legislativa Plurinacional)','Luis Arce','R','+591','Boliviano (BOB)',0.718,41.6,'2020-11-08',517902,4619842),('Bosnia and Herzegovina','Europe',3320954,51209,0.02,20164,51996,'Parliamentary Assembly (Parlamentarna skup¹tina / ????????????? ?????????)','Christian Schmidt (politician)','R','+387','Convertible mark (BAM)',0.78,32.7,'2021-08-01',257401,797531),('Botswana','Africa',2410338,581730,2.58,18340,43389,'Parliament of Botswana','Mokgweetsi Masisi','L','+267','Pula (BWP)',0.735,53.3,'2018-04-01',192935,722374),('Brazil','South America',213913905,8515770,0.65,1847795,3328459,'National Congress (Congresso Nacional)','Jair Bolsonaro','R','+55','Real (R$) (BRL)',0.765,53.4,'2019-01-01',21880439,162173032),('Brunei','Asia',453600,5765,8.67,13469,29731,'Legislative Council (Majlis Mesyuarat Negara)','Hassanal Bolkiah','L','+673','Brunei dollar (BND)',0.838,NULL,'1967-10-05',13742,354729),('Bulgaria','Europe',6875040,111002,2.16,67925,174998,'National Assembly (??????? ???????? Narodno sabranie)','Rumen Radev','R','+359','Lev (BGN)',0.816,40,'2017-01-22',632762,1532911),('Burkina Faso','Africa',21510181,274222,0.23,15990,50225,'National Assembly (Assemblée nationale)','Roch Marc Christian Kaboré','R','+226','West African CFA franc',0.452,38.9,'2015-12-29',15103,364565),('Burundi','Africa',12574571,27834,7.73,3002,9446,'Parliament (Parlement)','Évariste Ndayishimiye','R','+257','Burundian franc (FBu) (BIF)',0.433,39.2,'2020-06-18',20136,914),('Cambodia','Asia',15552211,181035,2.5,27097,78065,'Parliament(??????????????? ?????????????????????)','Norodom Sihamoni','R','+855','Riel (?) (KHR)',0.594,36,'2004-10-14',119092,13963921),('Cameroon','Africa',24348251,475442,0.57,38861,101950,'Parliament (Parlement)','Paul Biya','R','+237','Central African CFA franc (XAF)',0.563,46.6,'1982-11-06',104348,418185),('Canada','North America',38466876,9984670,8.93,1741496,1978816,'Parliament / Parlement','Elizabeth II','R','+1','Canadian dollar ($) (CAD)',0.929,30.3,'1952-02-06',1738543,29942114),('Cape Verde','Africa',563198,4033,0,1981,3852,'National Assembly (Asembleia Nacional)','Jorge Carlos Fonseca','R','+238','Cape Verdean escudo (CVE)',0.665,42.4,'2011-09-09',38256,293634),('Central African Republic','Africa',5633412,622984,0,2220,4985,'National Assembly (Assemblée nationale)','Faustin-Archange Touadéra','R','+236','Central African CFA franc (XAF)',0.397,56.3,'2016-03-30',11579,361984),('Chad','Africa',16818391,1284000,1.93,11271,27421,'National Assembly (Assemblée nationale / ??????? ???????)','Mahamat Déby','R','+235','Central African CFA franc (XAF)',0.398,43.3,'2021-04-20',5107,166793),('Chile','South America',19678363,756102,1.63,282318,491535,'National Congress (Congreso Nacional)','Sebastián Pi?era','R','+56','Chilean peso (CLP)',0.851,46,'2018-03-11',1709189,16560188),('China','Asia',1411778724,9596960,2.82,14342933,26656766,'National People\'s Congress (???????? Quánguó Rénmín D?ibi?o D?hu?)','Xi Jinping','R','+86','Renminbi (?/?)',0.761,46.7,'2012-11-15',97900,1155058478),('Colombia','South America',51049498,1141750,8.8,323802,780262,'Congress (Congreso)','Iván Duque Márquez','R','+57','Colombian peso (COP)',0.767,51.3,'2018-08-07',5015042,30832885),('Comoros','Africa',758316,1862,0,1165,2785,'Assembly of the Union (Assemblée de l\'Union)','Azali Assoumani','R','+269','Comorian franc (KMF)',0.554,45,'2019-05-26',4315,273498),('Costa Rica','North America',5163038,51100,0.08,61773,107095,'Legislative Assembly (Asamblea Legislativa)','Carlos Alvarado Quesada','R','+506','Costa Rican colón (CRC)',0.81,49.7,'2018-05-08',562316,3751251),('Croatia','Europe',4036355,56594,1.1,60415,142285,'Croatian Assembly','Zoran Milanoviæ','R','+385','Kuna (HRK)',0.851,28.3,'2020-02-19',501327,1948738),('Cuba','North America',11181595,109884,0,105355,NULL,'National Assembly of People\'s Power (Asamblea Nacional del Poder Popular)','Miguel Díaz-Canel','R','+53','Cuban peso (CUP)',0.783,38,'2021-04-19',955981,10033315),('Cyprus','Europe',888005,9251,0.11,24565,37271,'House of Representatives (????? ??? ???????????? Vouli Antiprosópon / Temsilciler Meclisi)','Nicos Anastasiades','L','+357','Euro (?) (EUR)',0.887,29.3,'2013-02-28',125413,606482),('Czech Republic','Europe',10702942,78871,2.12,250680,460933,'Parliament of the Czech Republic (Parlament Èeské republiky)','Milo¹ Zeman','R','+420b','Czech koruna (CZK)',0.9,24,'2013-03-08',1816161,6325185),('Democratic Republic of the Congo','Africa',92378000,2344860,3.32,47319,106138,'Parliament (Parlement)','Félix Tshisekedi','R','+243','Congolese franc (CDF)',0.48,42.1,'2019-01-24',57605,110521),('Denmark','Europe',5850189,43094,1.53,350104,359048,'People\'s Assembly','Margrethe II of Denmark','R','+45','Danish krone',0.94,27.3,'1972-01-14',406035,4487996),('Djibouti','Africa',976107,23200,0.09,3166,6040,'National Assembly (Assemblée nationale / ??????? ???????)','Isma?l Omar Guelleh','R','+253','Djiboutian franc (DJF)',0.524,41.6,'1999-05-08',13491,66010),('Dominica','North America',72000,751,0,582,841,'House of Assembly','Charles Savarin','L','+1-767','East Caribbean dollar (XCD)',0.742,NULL,'2013-10-02',4961,27992),('Dominican Republic','North America',10535535,48671,0.72,88941,208957,'National Congress (Congreso Nacional)','Luis Abinader','R','+1-809','Dominican peso',0.756,43.7,'2020-08-16',388165,6778584),('East Timor','Asia',1317780,14919,0,2017,4192,'National Parliament (Parlamentu Nasionál / Parlamento Nacional)','Francisco Guterres','L','+670','United States dollarb (USD)',0.606,28.7,'2017-05-20',19799,543053),('Ecuador','South America',17851508,276841,2.37,107435,201194,'National Assembly (Asamblea Nacional)','Guillermo Lasso','R','+593','United States dollarb (USD)',0.759,45.4,'2021-05-24',519386,12686924),('Egypt','Africa',102534451,1002450,0.6,317359,1346225,'Parliament (??????)','Abdel Fattah el-Sisi','R','+20','Egyptian pound (E?) (EGP)',0.707,31.5,'2014-06-08',337485,18526300),('El Salvador','North America',6825935,21041,1.52,27022,57952,'Legislative Assembly (Asamblea Legislativa)','Nayib Bukele','R','+503','United States dollar (USD, since 2001)',0.673,38.8,'2019-06-01',116258,4341703),('Equatorial Guinea','Africa',1505588,28051,0,11024,26485,'Parliament (Parlamento / Parlement / Parlamento)','Teodoro Obiang Nguema Mbasogo','R','+240','Central African CFA franc (XAF)',0.592,NULL,'1979-08-03',13407,242220),('Eritrea','Africa',3601000,117600,14.12,1981,6706,'National Assembly (Hagerawi Baito)','Isaias Afwerki','R','+291','Nakfa (ERN)',0.459,NULL,'1993-05-24',6948,NULL),('Estonia','Europe',1330068,45227,6.28,31471,52813,'State Assembly','Alar Karis','R','+372','Euro (?) (EUR)',0.892,30.5,'2021-10-11',205096,807774),('Eswatini','Africa',1172000,17364,0.92,4594,10424,'Parliament (Liblanda)','Mswati III','L','+268','Lilangeni (SZL)',0.611,54.6,'1986-04-25',46457,246064),('Ethiopia','Africa',117876000,1104300,0.7,92750,293485,'Parliament','Sahle-Work Zewde','R','+251','Birr (ETB)',0.485,35,'2018-10-25',367210,3664112),('Federated States of Micronesia','Oceania',105754,702,0,414,354,'Congress','David W. Panuelo','R','+691','United States dollar (USD)',0.62,40.1,'2019-05-11',1,NULL),('Fiji','Oceania',898402,18272,0,5504,11126,'Parliament','Jioji Konrote','L','+679','Fijian dollar (FJD)',0.743,36.4,'2015-11-12',52247,629006),('Finland','Europe',5516184,338425,10.15,269296,286858,'Parliament (Eduskunta / Riksdagen)','Sauli Niinistö','R','+358','Euro (?) (EUR)',0.938,26.2,'2012-03-01',162476,4245507),('France','Europe',67486000,640679,0.52,2715518,3231927,'Parliament (Parlement)','Emmanuel Macron','R','+33','Euro (?) (EUR)',0.901,29.2,'2017-05-14',7319526,51321440),('Gabon','Africa',2233272,267668,3.74,16887,34676,'Parliament (Parlement)','Ali Bongo Ondimba','R','+241','Central African CFA franc (XAF)',0.703,38,'2009-10-16',36174,132383),('Georgia','Asia',3728573,69700,0,17742,58226,'Parliament of Georgia (??????????? ?????????? Sak\'art\'velos Parlamenti)','Salome Zourabichvili','R','+995','Georgian lari (?) (GEL)',0.812,35.9,'2018-12-16',752855,1052398),('Germany','Europe',83129285,357114,2.34,3861123,4743673,'Federal Diet','Frank-Walter Steinmeier','R',NULL,'Euro (?) (EUR)',0.947,29.7,'2017-03-19',4792463,57954075),('Ghana','Africa',30792608,238533,4.61,66999,186682,'Parliament','Nana Akufo-Addo','R','+233','Cedi (GHS)',0.611,43.5,'2017-01-07',130391,2269003),('Greece','Europe',10718565,131957,0.99,205326,325304,'Hellenic Parliament','Katerina Sakellaropoulou','R','+30','Euro (?) (EUR)',0.888,31.4,'2020-03-13',784904,6711561),('Grenada','North America',113000,344,0,1211,1747,'Parliament','Elizabeth II','L','+1-473','East Caribbean dollar (XCD)',0.779,NULL,'1974-02-07',5861,38205),('Guatemala','North America',17109746,108889,1.59,76710,158570,'Congress of the Republic (Congreso de la República)','Alejandro Giammattei','R','+502','Quetzal (GTQ)',0.663,48.3,'2020-01-14',605664,5423686),('Guinea','Africa',12907395,245857,0.06,12354,39093,'National Assembly (Assemblée nationale)','Mamady Doumbouya','R','+224','Guinean franc (GNF)',0.477,33.7,'2021-10-01',30681,1529984),('Guinea-Bissau','Africa',1646077,36125,22.16,1322,4469,'National People\'s Assembly (Assembleia Nacional Popular)','Umaro Sissoco Embaló','R','+245','West African CFA franc (XOF)',0.48,50.7,'2020-02-27',6150,167199),('Guyana','South America',743699,214969,8.43,5173,18357,'National Assembly','Irfaan Ali','L','+592','Guyanese dollar (GYD)',0.682,44.6,'2020-08-02',36079,384934),('Haiti','North America',11743017,27750,0.68,8051,34189,'Haitian Parliament (Parlement Ha?tien / Palman Ayisyen)','Ariel Henry','R','+509','Gourde (G) (HTG)',0.51,41.1,'2021-07-20',24073,96384),('Honduras','North America',9450711,112492,0.18,25095,57649,'National Congress (Congreso Nacional)','Juan Orlando Hernández','R','+504','Lempira (HNL)',0.632,52.1,'2014-01-27',376281,3847285),('Hungary','Europe',9730772,93028,3.68,163469,342708,'National Assembly (Országgyûlés)','János Áder','R','+36','Forint (HUF)',0.854,28.3,'2012-05-10',892164,5974514),('Iceland','Europe',374830,103000,2.67,24188,21520,'Assembly of All','Gu?ni Th. Jóhannesson','R','+354','Icelandic króna (ISK)',0.949,23.2,'2016-08-01',14255,283301),('India','Asia',1384048264,3287260,9.55,2891582,10207290,'Parliament (???? Sansad)','Ram Nath Kovind','L','+91','Indian rupee (?) (INR)',0.645,35.7,'2017-07-25',34366987,741210655),('Indonesia','Asia',271350000,1904570,4.87,1119190,3507239,'People\'s Consultative Assembly (Majelis Permusyawaratan Rakyat)','Joko Widodo','L','+62','Rupiah (Rp) (IDR)',0.718,38.2,'2014-10-20',4248165,125105963),('Iran','Asia',84924332,1648200,7.07,603779,1148580,'Islamic Consultative Assembly','Ali Khamenei','R','+98','Iranian rial (????) (IRR)',0.783,42,'1989-06-04',5987814,54764071),('Iraq','Asia',41190700,438317,0.22,225232,413316,'Council of Representatives of Iraq','Barham Salih','R','+964','Iraqi dinar (IQD)',0.674,29.5,'2018-10-02',2062863,6062577),('Israel','Asia',9426140,20770,2.12,395098,399488,'Assembly','Isaac Herzog','R','+972','New shekel (??) (ILS)',0.919,34.8,'2021-07-07',1333989,6248565),('Italy','Europe',59108671,301339,2.39,2003576,2610563,'Parliament (Parlamento)','Sergio Mattarella','R','+39c','Euro (?)b (EUR)',0.892,32.8,'2015-02-03',4808047,46742826),('Ivory Coast','Africa',27087732,322463,1.38,58539,156038,'Parliament (Parlement)','Alassane Ouattara','R','+225','West African CFA franc (XOF)',0.538,41.5,'2010-12-04',61421,2314075),('Jamaica','North America',2734093,10991,1.46,15830,28209,'Parliament','Elizabeth II','L','+1-876','Jamaican dollar (JMD)',0.734,35,'1962-08-06',89681,607364),('Japan','Asia',125120000,377976,3.55,5082465,5585786,'Diet (?? Kokkai)','Naruhito','L','+81','Japanese yen (?)',0.919,33.4,'2019-05-01',1723682,98716956),('Jordan','Asia',11072212,89342,0.6,44502,109296,'Parliament (???? ????? Majlis al-Umma)','Abdullah II of Jordan','R','+962','Jordanian dinar (JOD)',0.729,35.4,'1999-02-07',875804,4004226),('Kazakhstan','Asia',19034216,2724900,0.92,181667,526746,'Parliament (?????????? Parlamenti)','Nursultan Nazarbayev','R','+7-6xx','Tenge (?) (KZT)',0.825,27.5,'2019-04-25',1029986,8403514),('Kenya','Africa',47564296,580367,1.93,95501,262669,'Parliament (Bunge)','Uhuru Kenyatta','L','+254','Kenyan shilling (KES)',0.601,40.8,'2013-04-09',253833,3787211),('Kiribati','Oceania',120740,811,0,194,270,'House of Assembly (Maneaba ni Maungatabu)','Taneti Maamau','L','+686','Australian dollar',0.63,NULL,'2016-03-11',2,54026),('Kuwait','Asia',4670713,17818,0,134623,208323,'National Assembly (???? ????? Majlis al-Umma)','Nawaf Al-Ahmad Al-Jaber Al-Sabah','R','+965','Kuwaiti dinar (KWD)',0.806,NULL,'2020-09-30',412844,2668082),('Kyrgyzstan','Asia',6663000,199951,4.08,8454,35419,'Supreme Council (??????? ????? Jo?orku Ke?eº)','Sadyr Japarov','R','+996','Kyrgyzstani som (c) (KGS)',0.697,27.7,'2021-01-28',181830,1014402),('Laos','Asia',7337783,236800,2.53,18822,62797,'National Assembly (??????????? Sapha Heng Xat)','Thongloun Sisoulith','R','+856','Kip (?) (LAK)',0.613,36.4,'2021-01-15',47056,3251958),('Latvia','Europe',1880700,64559,3.62,34102,63539,'Parliament','Egils Levits','R','+371','Euro (?) (EUR)',0.866,35.2,'2019-07-08',231824,1199025),('Lebanon','Asia',6769000,10452,1.63,56409,78931,'Parliament(Parlement)','Michel Aoun','R','+961','Lebanese pound (LBP)',0.744,31.8,'2016-10-31',646629,1804857),('Lesotho','Africa',2159000,30355,0,2460,5904,'Parliament (Palamente)','Letsie III of Lesotho','L','+266','Loti (LSL)South African rand (ZAR)',0.527,44.9,'1996-02-07',21685,347836),('Liberia','Africa',4661010,111369,13.51,2582,7706,'Legislature','George Weah','R','+231','Liberian dollar (LRD)',0.48,35.3,'2018-01-22',5815,393975),('Libya','Africa',6959000,1759540,0,32600,92083,'House of Representatives ( ???? ?????? Majlis an-Nuwwab)','Mohamed al-Menfi','R','+218','Libyan dinar (LYD)',0.724,NULL,'2021-03-15',360914,1560096),('Liechtenstein','Europe',39062,160,0,6797,NULL,'Diet','Hans-Adam II, Prince of Liechtenstein','R','+423','Swiss franc (CHF)',0.919,NULL,'1989-11-13',3728,25244),('Lithuania','Europe',2780427,65300,4.01,54627,114035,'Parliament','Gitanas Naus?da','R','+370','Euro (?) (EUR)',0.882,35.4,'2019-07-12',427118,1823303),('Luxembourg','Europe',634730,2586,0,71104,78309,'Chamber of Deputies (D\'Chamber / Chambre des députés / Abgeordnetenkammer)','Henri, Grand Duke of Luxembourg','R','+352','Euro (?) (EUR)',0.916,32.3,'2000-10-07',82842,440811),('Madagascar','Africa',26923353,587041,0.94,14104,46350,'Parliament (Palemanta / Parlement)','Andry Rajoelina','R','+261','Ariary (MGA)',0.528,42.6,'2019-01-19',43632,381633),('Malawi','Africa',18898441,118484,20.6,8099,21576,'National Assembly','Lazarus Chakwera','L','+265','Malawian kwacha (D) (MWK)',0.483,44.7,'2020-06-28',61815,999312),('Malaysia','Asia',32726000,330803,0.35,364684,978781,'Parliament (Parlimen)','Abdullah of Pahang','L','+60','Ringgit (RM) (MYR)',0.81,41,'2019-01-31',2506309,25502897),('Maldives','Asia',383135,300,0,5642,8972,'People\'s Assembly','Ibrahim Mohamed Solih','L','+960','Maldivian rufiyaa (MVR)',0.74,31.3,'2018-11-17',88817,394801),('Mali','Africa',20856000,1240190,1.61,17432,49987,'National Assembly (Assemblée nationale)','Assimi Go?ta','R','+223','West African CFA franc (XOF)',0.434,33,'2021-05-24',16371,324713),('Malta','Europe',514564,316,0,14863,23501,'Parliament (Il-Parlament)','George Vella','L','+356','Euro (?) (EUR)',0.895,28,'2019-04-04',37904,431973),('Marshall Islands','Oceania',54516,181,98.47,237,210,'Legislature (Nitije??)','David Kabua','R','+692','United States dollar (USD)',0.704,NULL,'2020-01-13',4,NULL),('Mauritania','Africa',4271197,1030700,0.44,7593,25409,'Parliament (???????? Barlamene)','Mohamed Ould Ghazouani','R','+222','Ouguiya (MRU)',0.546,32.6,'2019-08-01',37703,1002548),('Mauritius','Africa',1266334,2040,0.49,14180,27909,'National Assembly (Assemblée nationale)','Prithvirajsing Roopun','L','+230','Mauritian rupee (MUR)',0.804,36.8,'2019-12-02',18314,905034),('Mexico','North America',126014024,1964380,1.04,1256440,2613797,'Congress of the Union (Congreso de la Unión)','Andrés Manuel López Obrador','R','+52','Mexican peso (MXN)',0.779,41.8,'2018-12-01',3826786,74937548),('Moldova','Europe',2597100,33846,2.84,11955,35906,'Parliament (Parlamentul)','Maia Sandu','R','+373','Moldovan leu (MDL)',0.75,25.7,'2020-12-24',345964,884590),('Monaco','Europe',38350,2.02,0,7423,NULL,'National Council (Conseil National)','Albert II, Prince of Monaco','R','+377','Euro (?) (EUR)',NULL,NULL,'2005-04-06',3436,26672),('Mongolia','Asia',3406308,1564110,0.68,13852,42412,'State Great Assembly','Ukhnaagiin Khürelsükh','R','+976','Tögrög (MNT)',0.737,32.7,'2021-06-25',367412,2256066),('Montenegro','Europe',621306,13812,2.61,5542,13313,'Assembly (Skup¹tina / ?????????)','Milo Ðukanoviæ','R','+382','Euro (?)a (EUR)',0.829,34.1,'2018-05-20',148579,260374),('Morocco','Africa',36419854,446550,0.06,119700,291495,'Parliament (???????? ??????? / ???????? ??????? / Parlement)','Mohammed VI of Morocco','R','+212','Moroccan dirham (MAD)',0.686,40.3,'1999-07-23',947396,24259320),('Mozambique','Africa',30832244,801590,1.63,15296,NULL,'Assembly of the Republic (Assembleia da República)','Filipe Nyusi','L','+258','Metical (MZN)',0.456,45.7,'2015-01-15',151368,4159380),('Myanmar','Asia',55294979,676578,3.41,76784,258677,'Assembly of the Union (???????????????????? Pyidaungsu Hluttaw)','Min Aung Hlaing','R','+95','Kyat (K) (MMK)',0.583,30.7,'2021-02-02',506816,13244996),('Namibia','Africa',2550226,825615,0.12,12366,24843,'Parliament','Hage Geingob','L','+264','Namibian dollar  (NAD)',0.646,59.1,'2015-03-21',129009,333506),('Nauru','Oceania',11832,21,0,132,132,'Parliament','Lionel Aingimea','L','+674','Australian dollar (AUD)',NULL,NULL,'2019-08-27',NULL,7612),('Nepal','Asia',30378055,147181,2.6,30714,122629,'Federal Parliament (????? ???? Sanghiya Sansad)','Bidhya Devi Bhandari','L','+977','Nepalese rupee (Rs, ??) (NPR)',0.602,32.8,'2015-10-29',814558,8670024),('Netherlands','Europe',17655431,41850,18.41,907050,1055502,'States General (Staten-Generaal)','Willem-Alexander of the Netherlands','R','+31','Euro (?) (EUR)US dollar ($) (USD)',0.944,27.5,'2013-04-30',2241183,13032981),('New Zealand','Oceania',5134312,270467,1.65,206936,226566,'Parliament (P?remata)','Elizabeth II','L','+64','New Zealand dollar ($) (NZD)',0.931,33.9,'1952-02-06',7649,3755550),('Nicaragua','North America',6595674,130373,7.96,12520,36964,'National Assembly (Asamblea Nacional)','Daniel Ortega','R','+505','Córdoba (NIO)',0.66,46.2,'2007-01-10',16699,944476),('Niger','Africa',24112753,1267000,0.02,12927,33162,'National Assembly (Assemblée nationale)','Mohamed Bazoum','R','+227','West African CFA franc (XOF)',0.394,34,'2021-04-02',6490,498894),('Nigeria','Africa',211401000,923768,1.41,474516,1116255,'National Assembly','Muhammadu Buhari','R','+234','Naira (?) (NGN)',0.539,35.1,'2015-05-30',212713,5701796),('North Korea','Asia',25660000,120540,0.11,16331,12100,'Supreme People\'s Assembly (?????? / ?????? Ch\'oe-go In-min Hoe-?i)','Kim Jong-un','R','+850','Korean People\'s won (?) (KPW)',NULL,NULL,'2012-04-11',NULL,NULL),('North Macedonia','Europe',2068808,25713,1.09,12694,36673,'Assembly (???????? Sobranie)','Stevo Pendarovski','R','+389','Macedonian denar (MKD)',0.774,30.7,'2019-05-12',206077,846247),('Norway','Europe',5402171,385207,5,403336,374994,'Great Assembly','Harald V of Norway','R','+47','Norwegian krone (NOK)',0.957,25.4,'1991-01-17',216855,4210216),('Oman','Asia',4513666,309500,0,76331,138998,'Council of Oman (???? ??????)','Haitham bin Tarik','R','+968','Omani rial (OMR)',0.813,30.75,'2020-01-11',304365,3065137),('Pakistan','Asia',225200000,907843,2.86,263000,1110075,'Parliament of Pakistan (????????)','Arif Alvi','L','+92','Pakistani rupee (?) (PKR)',0.557,31.6,'2018-09-09',1277160,74621225),('Palau','Oceania',17957,459,0,280,229,'National Congress (Olbiil era Kelulau)','Surangel Whipps Jr.','R','+680','United States dollar (USD)',0.826,NULL,'2021-01-21',8,NULL),('Panama','North America',4278500,75417,1.43,66787,131807,'National Assembly (Asamblea Nacional)','Laurentino Cortizo','R','+507','Balboa (PAB)United States dollar (USD)',0.815,49.9,'2019-07-01',473416,2979833),('Papua New Guinea','Oceania',9122994,462840,2.16,24969,35464,'National Parliament','Elizabeth II','L','+675','Kina (PGK)',0.555,41.9,'1975-09-16',31479,183856),('Paraguay','South America',7353038,406752,2.32,38086,98929,'Congress (Congreso)','Mario Abdo Benítez','R','+595','Guaraní (PYG)',0.728,46.2,'2018-08-15',461313,2927343),('Peru','South America',33035304,1285220,0.41,226850,439262,'Congress of the Republic (Congreso de la República / Rimana Wasin)','Pedro Castillo','R','+51','Sol (PEN)',0.777,41.5,'2021-07-28',2207510,20009051),('Philippines','Asia',111059662,300000,0.61,359354,1000617,'Congress (Kongreso)','Rodrigo Duterte','R','+63','Philippine peso (?) (PHP)',0.718,42.3,'2016-06-30',2803213,38332677),('Poland','Europe',38158000,312696,3.07,595862,1363766,'Parliament of PolandNational Assembly (Zgromadzenie Narodowe','Andrzej Duda','R','+48','Z³oty (PLN)',0.88,28.5,'2015-08-06',3104220,20352407),('Portugal','Europe',10347892,92226,1.2,238785,370497,'Assembly of the Republic (Assembleia da República)','Marcelo Rebelo de Sousa','R','+351','Euro (?) (EUR)',0.864,31.9,'2016-03-09',1097557,9026755),('Qatar','Asia',2799202,11586,0,183466,273040,'Consultative Assembly','Tamim bin Hamad Al Thani','R','+974','Qatari riyal (QAR)',0.848,41.1,'2013-06-25',240098,2360308),('Republic of Ireland','Europe',5011500,70273,1.98,398590,500270,'Parliament','Michael D. Higgins','L','+353','Euro (?)',0.955,28.3,'2011-11-11',469386,3821486),('Republic of the Congo','Africa',5657000,342000,0.15,12397,20005,'Parliament (Parlement)','Denis Sassou Nguesso','R','+242','Central African CFA franc (XAF)',0.574,40.2,'1997-10-25',17944,384530),('Romania','Europe',19186201,238397,2.97,250075,636481,'Parliament (Parlamentul)','Klaus Iohannis','R','+40','Romanian leu (RON)',0.828,33.8,'2014-12-21',1706882,7047759),('Russia','Europe',146171015,17098200,4.21,1692930,4328122,'Federal Assembly (??????????? ???????? Federalnoye Sobraniye)','Vladimir Putin','R','+7','Russian ruble (?) (RUB)',0.824,37.5,'2012-05-07',8651561,57997497),('Rwanda','Africa',12955768,26338,6.34,10355,31848,'Parliament (Inteko Ishinga Amategeko / Parlement)','Paul Kagame','R','+250','Rwandan franc (RWF)',0.543,43.7,'2000-04-22',99947,3937599),('S?o Tomé and Príncipe','Africa',214610,964,0,421,875,'National Assembly (Assembleia Nacional)','Carlos Vila Nova','R','+239','Dobra (STN)',0.625,56.3,'2021-10-02',3729,80345),('Saint Kitts and Nevis','North America',54000,261,0,1050,1196,'National Assembly','Elizabeth II','L','+1 869','East Caribbean dollar (XCD)',0.779,NULL,'1983-09-19',2717,26094),('Saint Lucia','North America',178696,616,1.62,2122,2539,'Parliament','Elizabeth II','L','+1 758','East Caribbean dollar (XCD)',0.759,51.2,'1979-02-22',12688,51864),('Saint Vincent and the Grenadines','North America',110696,389,0,825,1418,'House of Assembly','Elizabeth II','L','+1 784','East Caribbean dollar (XCD)',0.738,NULL,'1979-10-27',5092,26640),('Samoa','Oceania',199853,2842,0.35,844,1077,'Parliament (Palemene)','Tuimalealiifano Va\'aletoa Sualauvi II','L','+685','T?l? (WS$b) (WST)',0.715,38.7,'2017-07-21',3,121713),('San Marino','Europe',33641,61,0,1602,2086,'Grand and General Council (Consiglio Grande e Generale)','Francesco Mussoni','R','+378','Euro (?) (EUR)',0.875,NULL,'2021-10-01',5588,25173),('Saudi Arabia','Asia',35013414,2149690,0,792966,1705519,NULL,'Salman of Saudi Arabia','R','+966','Saudi Riyal (SR) (SAR)',0.854,45.9,'2015-01-23',548930,24288343),('Senegal','Africa',17223497,196722,2.13,23664,62412,'Parliament','Macky Sall','R','+221','West African CFA franc (XOF)',0.512,40.3,'2012-04-02',73935,1281042),('Serbia','Europe',6871547,88361,0.13,51475,119532,'National Assembly (??????? ????????? / Narodna skup¹tina)','Aleksandar Vuèiæ','R','+381','Serbian dinar (RSD)',0.806,33.3,'2017-05-31',1183025,3176748),('Seychelles','Africa',99202,452,0,1698,2561,'National Assembly (Assemblée nationale / Lasanble Nasyonal)','Wavel Ramkalawan','L','+248','Seychellois rupee (SCR)',0.796,46.8,'2020-10-26',22381,81323),('Sierra Leone','Africa',8297882,71740,0.17,4121,14449,'Parliament','Julius Maada Bio','R','+232','Leone (SLL)',0.452,35.7,'2018-04-04',6398,505385),('Singapore','Asia',5453600,728,1.43,372073,600063,'Parliament (Parlimen / ???? Guóji? y?hu? / ???????????? N????uma??am)','Halimah Yacob','L','+65','Singapore dollar (S$) (SGD)',0.938,45.9,'2017-09-14',218333,4759748),('Slovakia','Europe',5459781,49037,1.9,105079,190277,'National Council (Národná rada)','Zuzana Èaputová','R','+421','Euro (?) (EUR)',0.86,22.8,'2019-06-15',518635,2513532),('Slovenia','Europe',2108977,20273,0.6,54174,85889,'Parliament (Dr¾avni zbor Republike Slovenije)','Borut Pahor','R','+386','Euro (?) (EUR)',0.917,23.5,'2012-12-22',355979,1195384),('Solomon Islands','Oceania',728041,28896,3.15,1302,1662,'National Parliament','Elizabeth II','L','+677','Solomon Islands dollar (SBD)',0.567,37.1,'1978-07-07',20,121778),('Somalia','Africa',16360000,637657,1.62,1626,14574,'Federal Parliament (Baarlamaanka Federaalka / ??????? ????????)','Mohamed Abdullahi Mohamed','R','+252','Somali shilling (SOS)',0.361,NULL,'2017-02-16',22693,365791),('South Africa','Africa',60142978,1221040,0.38,351430,753113,'Parliament','Cyril Ramaphosa','L','+27','South African rand (ZAR)',0.709,63,'2018-02-15',2923956,15779126),('South Korea','Asia',51671569,100210,0.3,1646539,2436872,'National Assembly (?? / ?? Gukhoe)','Moon Jae-in','R','+82','Korean Republic won (?) (KRW)',0.916,34.5,'2017-05-10',381694,41520134),('South Sudan','Africa',13249924,644329,0,4959,11693,'National Legislature','Salva Kiir Mayardit','R','+211','South Sudanese pound (SSP)',0.433,44.1,'2011-07-09',12453,84839),('Spain','Europe',47394223,505992,1.26,1393490,1959037,'General Courts','Felipe VI of Spain','R','+34','Euro',0.904,33,'2014-06-19',5025639,38083061),('Sri Lanka','Asia',22156000,65610,4.4,84008,306997,'Parliament(????? ???? ????????????? / ?????? ????????????)','Gotabaya Rajapaksa','L','+94','Sri Lankan rupee (Rs) (LKR)',0.782,39.8,'2019-11-18',545256,15796673),('State of Palestine','Asia',5227193,6020,3.9,17058,29582,'Legislative Council (?????? ???????? Al-Majlis al-Tashr?\'iyy)','Mahmoud Abbas','R','+970','Israeli new shekel (ILS)',0.708,33.7,'2005-01-15',455099,1487111),('Sudan','Africa',43931980,1861480,6.97,34895,185742,'National Legislature','Abdel Fattah al-Burhan','R','+249','Sudanese pound (SDG)',0.51,34.2,'2021-10-25',40433,1154253),('Suriname','South America',598000,163820,4.77,3697,8992,'National Assembly (Nationale Assemblée)','Chan Santokhi','L','+597','Surinamese dollar (SRD)',0.738,NULL,'2020-07-16',49550,252052),('Sweden','Europe',10427296,450295,8.87,530883,589751,'Parliament (Riksdagen)','Carl XVI Gustaf of Sweden','R','+46','Swedish krona (SEK)',0.945,26.9,'1973-09-15',1177094,7263918),('Switzerland','Europe',8696088,41284,3.1,731425,660862,'Federal Assembly (Bundesversammlung, Assemblée fédérale, Assemblea federale, Assamblea federala)','Guy Parmelin','R','+41','Swiss franc (CHF)',0.955,29.7,'2021-01-01',887446,5739121),('Syria','Asia',18276000,185180,0.84,20379,136344,'People\'s Assembly (???? ????? Majlis al-Sha\'ab)','Bashar al-Assad','R','+963','Syrian pound (SYP)',0.567,55.8,'2000-07-17',44191,807249),('Tajikistan','Asia',9504000,143100,1.81,8333,37235,'Supreme Assembly (??????? ???? Majlisi Oli)','Emomali Rahmon','R','+992','Somoni (TJS)',0.668,34,'1994-11-16',17486,2678569),('Tanzania','Africa',59441988,945087,6.49,61136,171006,'National Assembly (Bunge)','Samia Suluhu Hassan','L','+255','Tanzanian shilling (TZS)',0.529,40.5,'2021-03-19',26196,885579),('Thailand','Asia',66714905,513120,0.43,542016,1329324,'National Assembly (?????? Ratthasapha)','Vajiralongkorn','L','+66','Baht (?) (THB)',0.777,34.9,'2016-10-13',1967999,43403391),('The Bahamas','North America',393450,13943,27.88,13578,13254,'Parliament','Elizabeth II','L','+1 242','Bahamian dollar (BSD)',0.814,NULL,'1973-07-10',22485,143726),('The Gambia','Africa',2487000,11295,11.47,1822,5942,'National Assembly','Adama Barrow','R','+220','Dalasi (GMD)',0.496,35.9,'2017-01-19',9973,234467),('Togo','Africa',7886000,56785,4.23,7270,19199,'National Assembly (Assemblée nationale)','Faure Gnassingbé','R','+228','West African CFA franc (XOF)',0.515,43.1,'2005-05-04',26114,929347),('Tonga','Oceania',99532,747,4.02,508,616,'Legislative Assembly (Fale Alea)','Tupou VI','L','+676','Pa?anga (TOP)',0.725,37.6,'2012-03-18',1,54529),('Trinidad and Tobago','North America',1367558,5130,0,23208,36413,'Parliament','Paula-Mae Weekes','L','+1 (868)','Trinidad and Tobago dollar (TTD)',0.796,39,'2018-03-19',59304,627208),('Tunisia','Africa',11746695,163610,5.04,38797,127325,'Assembly of the Representatives of the People (???? ???? ????? Majless Noweb al Shaab)','Kais Saied','R','+216','Tunisian dinar (TND)',0.74,35.8,'2019-10-23',713308,5705705),('Turkey','Asia',83614362,783562,1.78,761425,2749570,'Grand National Assembly of Turkey(Türkiye Büyük Millet Meclisi)','Recep Tayyip Erdo?an','R','+90','Turkish lira (?) (TRY)',0.82,47,'2014-08-28',8233649,55625504),('Turkmenistan','Asia',6118000,488100,3.72,48276,104539,'National Council (Milli Geòeº)','Gurbanguly Berdimuhamedow','R','+993','Turkmenistan manat (TMT)',0.715,40.8,'2007-02-14',NULL,32240),('Tuvalu','Oceania',10679,26,0,47,52,'Parliament (Palamene)','Elizabeth II','L','+688','Tuvaluan dollar',NULL,39.1,'1978-10-01',NULL,6230),('Uganda','Africa',42885900,241550,18.23,32609,114896,'Parliament (Bunge)','Yoweri Museveni','L','+256a','Ugandan shilling (UGX)',0.544,42,'1986-01-29',126570,3189173),('Ukraine','Europe',41342465,603500,4.01,153781,576106,'Supreme Council (???????? ???? Verkhovna Rada)','Volodymyr Zelensky','R','+380','Hryvnia (?) (UAH)',0.779,26.6,'2019-05-20',3218967,11406282),('United Arab Emirates','Asia',9503738,83600,0,421142,683182,'Federal National Assembly (?????? ?????? ???????? Majlis Watani Ittihad)','Khalifa bin Zayed Al Nahyan','R','+971','UAE dirham (AED)',0.89,32.5,'2004-11-03',740432,9741962),('United Kingdom','Europe',67081234,242495,0.69,2826441,3174921,'Parliament','Elizabeth II','L','+44','Pound sterling',0.932,36.6,'1952-02-06',9346961,50234416),('United States','North America',332666785,9833520,3.96,21433226,22675271,'Congress','Joe Biden','R','+1','U.S. dollar ($) (USD)',0.926,48.5,'2021-01-20',46487791,223629671),('Uruguay','South America',3554915,176215,0.68,56045,83170,'General Assembly (Asamblea General)','Luis Alberto Lacalle Pou','R','+598','Uruguayan peso (UYU)',0.817,39.7,'2020-03-01',395268,2766359),('Uzbekistan','Asia',35189453,447400,4.92,57921,270013,'Supreme Assembly (Oliy Majlis / ???? ??????)','Shavkat Mirziyoyev','R','+998','Uzbek som (UZS)',0.72,36.7,'2016-12-14',187924,14450493),('Vanuatu','Oceania',301295,12189,0,906,816,'Parliament (Parlement)','Tallis Obed Moses','R','+678','Vatu (VUV)',0.609,37.6,'2017-07-06',6,72276),('Vatican City','Europe',825,0.49,0,NULL,NULL,'Pontifical Commission (Pontificia Commissione / Pontificia Commissio)','Pope Francis','R','+379','Euro (?) (EUR)',NULL,NULL,'2013-03-13',27,NULL),('Venezuela','South America',28705000,916445,3.29,134960,144737,'National Assembly (Asamblea Nacional)','Nicolás Maduro','R','+58','Bolívar digital (VED)',0.711,44.8,'2013-03-05',413135,13858057),('Vietnam','Asia',97580000,331212,6.38,261921,1148054,'National Assembly (Qu?c h?i)','Nguy?n Phú Tr?ng','R','+84','ð?ng (?) (VND)',0.704,35.7,'2011-01-19',968684,60845405),('Yemen','Asia',30491000,555000,0,24935,64042,'Parliament','Abdrabbuh Mansur Hadi','R','+967','Yemeni rial (YER)',0.47,36.7,'2012-02-27',9870,331778),('Zambia','Africa',18400556,752612,1.23,23085,64638,'National Assembly','Hakainde Hichilema','L','+260','Zambian kwacha (ZMW)',0.584,57.1,'2021-08-24',209902,311049),('Zimbabwe','Africa',15790716,390757,1,21440,41794,'Parliament','Emmerson Mnangagwa','L','+263','Zimbabwean dollar',0.571,50.3,'2017-11-24',133187,3372721);
/*!40000 ALTER TABLE `country` ENABLE KEYS */;
UNLOCK TABLES;

--
-- Table structure for table `headofstate`
--

DROP TABLE IF EXISTS `headofstate`;
/*!40101 SET @saved_cs_client     = @@character_set_client */;
/*!50503 SET character_set_client = utf8mb4 */;
CREATE TABLE `headofstate` (
  `NAME` varchar(60) COLLATE utf8mb4_unicode_ci NOT NULL,
  `POLITICALPARTY` varchar(70) COLLATE utf8mb4_unicode_ci DEFAULT NULL,
  `DOB` date DEFAULT NULL,
  PRIMARY KEY (`NAME`)
) ENGINE=InnoDB DEFAULT CHARSET=utf8mb4 COLLATE=utf8mb4_unicode_ci;
/*!40101 SET character_set_client = @saved_cs_client */;

--
-- Dumping data for table `headofstate`
--

LOCK TABLES `headofstate` WRITE;
/*!40000 ALTER TABLE `headofstate` DISABLE KEYS */;
INSERT INTO `headofstate` VALUES ('Abdel Fattah al-Burhan',NULL,NULL),('Abdel Fattah el-Sisi','Independent','1954-11-19'),('Abdelmadjid Tebboune','National Liberation Front','1945-11-17'),('Abdrabbuh Mansur Hadi','General People\'s Congress','1945-09-01'),('Abdul Hamid (politician)','Awami League','1944-01-01'),('Abdullah II of Jordan',NULL,'1962-01-30'),('Abdullah of Pahang',NULL,'1959-07-30'),('Adama Barrow','National People\'s Party','1965-02-15'),('Alar Karis','Independent','1958-03-26'),('Alassane Ouattara','Rally of the Republicans','1942-01-01'),('Albert II, Prince of Monaco',NULL,'1958-03-14'),('Alberto Fernández','Justicialist Party','1959-04-02'),('Alejandro Giammattei','Vamos','1956-03-09'),('Aleksandar Vuèiæ','SNS','1970-03-05'),('Alexander Lukashenko','Independent','1954-08-31'),('Alexander Van der Bellen','Independent','1944-01-18'),('Ali Bongo Ondimba','PDG','1959-02-09'),('Ali Khamenei','Independent','1939-07-16'),('Andrés Manuel López Obrador','National Regeneration Movement','1953-11-13'),('Andry Rajoelina','Young Malagasies Determined','1974-05-30'),('Andrzej Duda','Independent','1972-05-16'),('Ariel Henry','Inite','1949-11-06'),('Arif Alvi','Pakistan Tehreek-e-Insaf','1949-08-29'),('Armen Sarksyan','Independent','1952-06-23'),('Assimi Go?ta',NULL,NULL),('Azali Assoumani','Convention for the Renewal of the Comoros','1959-01-01'),('Barham Salih','Patriotic Union of Kurdistan','1960-09-12'),('Bashar al-Assad','Syrian Ba\'ath Party','1965-09-11'),('Bidhya Devi Bhandari','Independent','1961-06-19'),('Borut Pahor','Independent','1963-11-02'),('Carl XVI Gustaf of Sweden',NULL,'1946-04-30'),('Carlos Alvarado Quesada','Citizens\' Action Party','1980-01-14'),('Carlos Vila Nova','ADI',NULL),('Chan Santokhi','Progressive Reform Party (VHP)','1959-02-03'),('Charles Savarin','Labour Party','1943-10-02'),('Christian Schmidt (politician)','Christian Social Union (CSU)','1957-08-26'),('Cyril Ramaphosa','African National Congress','1952-11-17'),('Daniel Ortega','FSLN','1945-11-11'),('David Kabua','Independent',NULL),('David W. Panuelo',NULL,'1964-04-13'),('Denis Sassou Nguesso','Congolese Party of Labour','1943-11-23'),('Egils Levits','Independent','1955-06-30'),('Elizabeth II',NULL,'1926-04-21'),('Emmanuel Macron','La République En Marche!','1977-12-21'),('Emmerson Mnangagwa','ZANU?PF','1942-09-15'),('Emomali Rahmon','People\'s Democratic Party','1952-10-05'),('Évariste Ndayishimiye','CNDD?FDD',NULL),('Faure Gnassingbé','UNIR','1966-06-06'),('Faustin-Archange Touadéra','United Hearts Movement','1957-04-21'),('Felipe VI of Spain',NULL,'1968-01-30'),('Félix Tshisekedi','Union for Democracy and Social Progress','1963-06-13'),('Filipe Nyusi','FRELIMO','1959-02-12'),('Francesco Mussoni','Sammarinese Christian Democratic Party','1971-05-15'),('Francisco Guterres','Fretilin','1954-09-07'),('Frank-Walter Steinmeier','Social Democratic Party','1956-01-05'),('George Vella','Labour','1942-04-24'),('George Weah','Congress for Democratic Change','1966-10-01'),('Gitanas Naus?da','Independent','1964-05-19'),('Gotabaya Rajapaksa',NULL,'1949-06-20'),('Gu?ni Th. Jóhannesson','Independent','1968-06-26'),('Guillermo Lasso','Creating Opportunities','1955-11-16'),('Gurbanguly Berdimuhamedow','Independent','1957-06-29'),('Guy Parmelin','Swiss People\'s Party','1959-11-09'),('Hage Geingob','SWAPO','1941-08-03'),('Haitham bin Tarik',NULL,'1955-10-11'),('Hakainde Hichilema','United Party for National Development','1962-06-04'),('Halimah Yacob','Independent','1954-08-23'),('Hamad bin Isa Al Khalifa',NULL,'1950-01-28'),('Hans-Adam II, Prince of Liechtenstein',NULL,'1945-02-14'),('Harald V of Norway',NULL,'1937-02-21'),('Hassanal Bolkiah',NULL,'1946-07-15'),('Henri, Grand Duke of Luxembourg',NULL,'1955-04-16'),('Hibatullah Akhundzada',NULL,NULL),('Ibrahim Mohamed Solih','Maldivian Democratic Party (after 2003)','1962-03-01'),('Ilham Aliyev','New Azerbaijan Party','1961-12-24'),('Ilir Meta','Independent','1969-03-24'),('Irfaan Ali','People\'s Progressive Party/Civic','1980-04-25'),('Isaac Herzog','Labor Party','1960-09-22'),('Isaias Afwerki','People\'s Front for Democracy and Justice','1946-02-02'),('Isma?l Omar Guelleh','People\'s Rally for Progress','1947-11-27'),('Iván Duque Márquez','Democratic Center','1976-08-01'),('Jair Bolsonaro','Independent','1955-03-21'),('János Áder','Fidesz','1959-05-09'),('Jigme Khesar Namgyel Wangchuck',NULL,'1980-02-21'),('Jioji Konrote','FijiFirst','1947-12-26'),('Jo?o Lourenço','People\'s Movement for the Liberation of Angola (MPLA)','1954-03-05'),('Joan Enric Vives i Sicília',NULL,'1949-07-24'),('Joe Biden','Democratic','1942-11-20'),('Joko Widodo','PDI-P','1961-06-21'),('Jorge Carlos Fonseca','Movement for Democracy','1950-10-20'),('Juan Orlando Hernández','National Party','1968-10-28'),('Julius Maada Bio','Sierra Leone People\'s Party','1964-05-12'),('Kais Saied','Independent','1958-02-22'),('Katerina Sakellaropoulou','Independent','1956-05-30'),('Khalifa bin Zayed Al Nahyan',NULL,'1948-09-07'),('Kim Jong-un','Workers\' Party of Korea','1982-01-08'),('Klaus Iohannis','Independent politician','1959-06-13'),('Laurentino Cortizo','Democratic Revolutionary Party','1953-01-30'),('Lazarus Chakwera','Malawi Congress Party, Tonse Alliance','1955-04-05'),('Letsie III of Lesotho',NULL,'1963-07-17'),('Lionel Aingimea','Independent',NULL),('Luis Abinader','Modern Revolutionary Party','1967-07-12'),('Luis Alberto Lacalle Pou','National Party','1973-08-11'),('Luis Arce','Movement for Socialism','1963-09-28'),('Macky Sall','Alliance for the Republic','1961-12-11'),('Mahamat Déby',NULL,'1984-01-01'),('Mahmoud Abbas','Fatah','1935-11-15'),('Maia Sandu','Independent','1972-05-24'),('Mamady Doumbouya',NULL,NULL),('Marcelo Rebelo de Sousa','Independent','1948-12-12'),('Margrethe II of Denmark',NULL,'1940-04-16'),('Mario Abdo Benítez','Colorado Party','1971-11-10'),('Michael D. Higgins','Independent','1941-04-18'),('Michel Aoun','Free Patriotic Movement','1933-09-30'),('Miguel Díaz-Canel','Communist','1960-04-20'),('Milo Ðukanoviæ','DPS','1962-02-15'),('Milo¹ Zeman','Party of Civic Rights','1944-09-28'),('Min Aung Hlaing',NULL,'1956-07-03'),('Mohamed Abdullahi Mohamed','Nabad iyo Nolol','1962-03-11'),('Mohamed al-Menfi',NULL,'1976-03-03'),('Mohamed Bazoum','Nigerien Party for Democracy and Socialism','1960-01-01'),('Mohamed Ould Ghazouani','Union for the Republic','1956-12-04'),('Mohammed VI of Morocco',NULL,'1963-08-21'),('Mokgweetsi Masisi','Botswana Democratic Party','1962-07-21'),('Moon Jae-in','Democratic','1953-01-24'),('Mswati III',NULL,'1968-04-19'),('Muhammadu Buhari','All Progressives Congress','1942-12-17'),('Nana Akufo-Addo','New Patriotic Party','1944-03-29'),('Naruhito',NULL,'1960-02-23'),('Nawaf Al-Ahmad Al-Jaber Al-Sabah',NULL,'1937-06-25'),('Nayib Bukele','Nuevas Ideas','1981-07-24'),('Nguy?n Phú Tr?ng','Communist Party of Vietnam','1944-04-14'),('Nicolás Maduro','United Socialist Party of Venezuela','1962-11-23'),('Nicos Anastasiades','Democratic Rally','1946-09-27'),('Norodom Sihamoni',NULL,'1953-05-14'),('Nursultan Nazarbayev','Nur Otan','1940-07-06'),('Patrice Talon','Independent','1958-05-01'),('Paul Biya','RDPC','1933-02-13'),('Paul Kagame','Rwandan Patriotic Front','1957-10-23'),('Paula-Mae Weekes','Independent','1958-12-23'),('Pedro Castillo','Free Peru','1969-10-19'),('Philippe of Belgium',NULL,'1960-04-15'),('Pope Francis',NULL,'1936-12-17'),('Prithvirajsing Roopun','Independent','1959-05-24'),('Ram Nath Kovind','Bharatiya Janata Party','1945-10-01'),('Recep Tayyip Erdo?an','Justice and Development Party','1954-02-26'),('Roch Marc Christian Kaboré','People\'s Movement for Progress','1957-04-25'),('Rodrigo Duterte','PDP?Laban','1945-03-28'),('Rumen Radev','Independent','1963-06-18'),('Sadyr Japarov','Mekenchil','1968-12-06'),('Sahle-Work Zewde','Independent','1950-02-21'),('Salman of Saudi Arabia',NULL,'1935-12-31'),('Salome Zourabichvili','Independent','1952-03-18'),('Salva Kiir Mayardit','Sudan People\'s Liberation Movement','1951-09-13'),('Samia Suluhu Hassan','Chama Cha Mapinduzi','1960-01-27'),('Sauli Niinistö','Independent','1948-08-24'),('Sebastián Pi?era','Independent','1949-12-01'),('Sergio Mattarella','Independent','1941-07-23'),('Shavkat Mirziyoyev','Liberal Democratic Party','1957-07-24'),('Stevo Pendarovski',NULL,'1963-04-03'),('Surangel Whipps Jr.','Independent','1968-08-09'),('Tallis Obed Moses','Independent','1954-10-24'),('Tamim bin Hamad Al Thani',NULL,'1980-06-03'),('Taneti Maamau','Tobwaan Kiribati Party','1960-09-16'),('Teodoro Obiang Nguema Mbasogo','Democratic Party','1942-06-05'),('Thongloun Sisoulith','Lao People\'s Revolutionary Party','1945-11-10'),('Tuimalealiifano Va\'aletoa Sualauvi II','Independent','1947-04-29'),('Tupou VI',NULL,'1959-07-12'),('Uhuru Kenyatta','Jubilee','1961-10-26'),('Ukhnaagiin Khürelsükh','Mongolian People\'s Party','1968-06-14'),('Umaro Sissoco Embaló','Madem G15 (Movimento para Alternância Democrática)','1972-09-23'),('Vajiralongkorn',NULL,'1952-07-28'),('Vladimir Putin','Independent','1952-10-07'),('Volodymyr Zelensky','Independent','1978-01-25'),('Wavel Ramkalawan','Linyon Demokratik Seselwa','1959-03-15'),('Willem-Alexander of the Netherlands',NULL,'1967-04-27'),('Xi Jinping','Chinese Communist Party','1953-06-15'),('Yoweri Museveni','National Resistance Movement','1944-09-15'),('Zoran Milanoviæ','Independent','1966-10-30'),('Zuzana Èaputová','Independent','1973-06-21');
/*!40000 ALTER TABLE `headofstate` ENABLE KEYS */;
UNLOCK TABLES;

--
-- Table structure for table `officiallanguages`
--

DROP TABLE IF EXISTS `officiallanguages`;
/*!40101 SET @saved_cs_client     = @@character_set_client */;
/*!50503 SET character_set_client = utf8mb4 */;
CREATE TABLE `officiallanguages` (
  `NAME` varchar(60) COLLATE utf8mb4_unicode_ci NOT NULL,
  `LANGUAGE` varchar(30) COLLATE utf8mb4_unicode_ci NOT NULL,
  PRIMARY KEY (`NAME`,`LANGUAGE`),
  CONSTRAINT `FK_N` FOREIGN KEY (`NAME`) REFERENCES `country` (`NAME`) ON DELETE CASCADE ON UPDATE CASCADE
) ENGINE=InnoDB DEFAULT CHARSET=utf8mb4 COLLATE=utf8mb4_unicode_ci;
/*!40101 SET character_set_client = @saved_cs_client */;

--
-- Dumping data for table `officiallanguages`
--

LOCK TABLES `officiallanguages` WRITE;
/*!40000 ALTER TABLE `officiallanguages` DISABLE KEYS */;
INSERT INTO `officiallanguages` VALUES ('Afghanistan','Dari'),('Afghanistan','Pashto'),('Albania','Albanian'),('Algeria','Arabic'),('Algeria','Tamazight'),('Andorra','Catalan'),('Angola','Portuguese'),('Antigua and Barbuda','English'),('Armenia','Armenian'),('Austria','German'),('Azerbaijan','Azerbaijani'),('Bahrain','Arabic'),('Bangladesh','Bengali'),('Barbados','English'),('Belarus','Belarusian'),('Belarus','Russian'),('Belgium','Dutch'),('Belgium','French'),('Belgium','German'),('Belize','English'),('Benin','French'),('Bhutan','Dzongkha'),('Bolivia','Araona'),('Bolivia','Aymara'),('Bolivia','Baure'),('Bolivia','Bésiro'),('Bolivia','Canichana'),('Bolivia','Castilian (Spanish)'),('Bolivia','Cavine?o'),('Bolivia','Cayubaba'),('Bolivia','Chácobo'),('Bolivia','Chimán'),('Bolivia','Ese Ejja'),('Bolivia','Guaraní'),('Bolivia','Guarasu\'we'),('Bolivia','Guarayu'),('Bolivia','Itonama'),('Bolivia','Leco'),('Bolivia','Machajuyai-Kallawaya'),('Bolivia','Machineri'),('Bolivia','Maropa'),('Bolivia','Moje?o-Ignaciano'),('Bolivia','Moje?o-Trinitario'),('Bolivia','Moré'),('Bolivia','Mosetén'),('Bolivia','Movima'),('Bolivia','Pacawara'),('Bolivia','Puquina'),('Bolivia','Quechua'),('Bolivia','Sirionó'),('Bolivia','Tacana'),('Bolivia','Tapieté'),('Bolivia','Toromona'),('Bolivia','Uru-Chipaya'),('Bolivia','Weenhayek'),('Bolivia','Yaminawa'),('Bolivia','Yuki'),('Bolivia','Yuracaré'),('Bolivia','Zamuco'),('Botswana','English'),('Botswana','Tswana'),('Brazil','Portuguese'),('Brunei','English'),('Brunei','Malay'),('Bulgaria','Bulgarian'),('Burkina Faso','French'),('Burundi','English'),('Burundi','French'),('Burundi','Kirundi'),('Cambodia','Khmer'),('Cameroon','English'),('Cameroon','French'),('Canada','English '),('Canada','French '),('Cape Verde','Portuguese'),('Central African Republic','French'),('Chad','Arabic'),('Chad','French'),('China','Mandarin Chinese'),('Colombia','Spanish'),('Comoros','Arabic'),('Comoros','Comorian'),('Comoros','French'),('Costa Rica','Spanish'),('Croatia','Croatian'),('Cuba','Spanish'),('Cyprus','Greek'),('Cyprus','Turkish'),('Czech Republic','Czech'),('Czech Republic','Slovak'),('Democratic Republic of the Congo','French'),('Denmark','Danish'),('Djibouti','Arabic'),('Djibouti','French'),('Dominica','English'),('Dominican Republic','Spanish'),('East Timor','Portuguese'),('East Timor','Tetum'),('Ecuador','Quechua '),('Ecuador','Spanish'),('Egypt','Arabic'),('El Salvador','Spanish'),('Equatorial Guinea','French'),('Equatorial Guinea','Portuguese'),('Equatorial Guinea','Spanish'),('Eritrea','Tigrinya'),('Estonia','Estonian'),('Eswatini','English'),('Eswatini','Swazi'),('Ethiopia','Afar'),('Ethiopia','Amharic'),('Ethiopia','Oromo'),('Ethiopia','Somali'),('Ethiopia','Tigrinya'),('Federated States of Micronesia','English'),('Fiji','English'),('Fiji','Fiji Hindi'),('Fiji','Fijian'),('Finland','Finnish'),('Finland','Swedish'),('France','French'),('Gabon','French'),('Georgia','Georgian'),('Germany','German'),('Ghana','English'),('Greece','Greek'),('Grenada','English'),('Guatemala','Spanish'),('Guinea','French'),('Guinea-Bissau','Portuguese'),('Guyana','English'),('Haiti','French'),('Haiti','Haitian Creole'),('Honduras','Spanish'),('Hungary','Hungarian'),('Iceland','Icelandic'),('Iceland','Icelandic Sign Language'),('Indonesia','Indonesian'),('Iran','Persian'),('Iraq','Arabic'),('Iraq','Kurdish'),('Israel','Hebrew'),('Italy','Italian'),('Ivory Coast','French'),('Jamaica','English'),('Jordan','Arabic'),('Kazakhstan','Kazakh'),('Kazakhstan','Russian'),('Kenya','English'),('Kiribati','English'),('Kuwait','Standard Arabic'),('Kyrgyzstan','Kyrgyz'),('Kyrgyzstan','Russian'),('Laos','Lao'),('Latvia','Latvian'),('Lebanon','Arabic'),('Lesotho','English'),('Lesotho','Sotho'),('Liberia','English'),('Libya','Arabic'),('Liechtenstein','German'),('Lithuania','Lithuanian'),('Luxembourg','French'),('Luxembourg','German'),('Luxembourg','Luxembourgish'),('Madagascar','French'),('Madagascar','Malagasy'),('Malawi','Chichewa'),('Malawi','English'),('Malaysia','English'),('Malaysia','Malay'),('Maldives','Dhivehi'),('Mali','French'),('Malta','English'),('Malta','Maltese'),('Marshall Islands','English'),('Mauritania','Arabic'),('Mauritius','English'),('Moldova','Romanian'),('Monaco','French'),('Mongolia','Mongolian'),('Montenegro','Albanian'),('Montenegro','Bosnian'),('Montenegro','Croatian'),('Montenegro','Montenegrin'),('Montenegro','Serbian'),('Morocco','Arabic'),('Morocco','Tamazight'),('Mozambique','Portuguese'),('Myanmar','Burmese'),('Namibia','English'),('Nauru','English'),('Nauru','Nauruan'),('Nepal','Nepali'),('Netherlands','Dutch'),('New Zealand','English'),('New Zealand','Maori'),('New Zealand','New Zealand Sign Language'),('Nicaragua','Spanish'),('Niger','French'),('Nigeria','English'),('North Korea','Korean'),('North Macedonia','Albanian'),('North Macedonia','Macedonian'),('Norway','Norwegian'),('Norway','Sami'),('Oman','Arabic'),('Pakistan','English'),('Pakistan','Urdu'),('Palau','English'),('Palau','Palauan'),('Panama','Spanish'),('Papua New Guinea','English'),('Papua New Guinea','Hiri Motu'),('Papua New Guinea','PNG Sign Language'),('Papua New Guinea','Tok Pisin'),('Paraguay','Guaraní'),('Paraguay','Spanish'),('Peru','Aymara'),('Peru','Quechua'),('Peru','Spanish'),('Philippines','English'),('Philippines','Filipino'),('Poland','Polish'),('Portugal','Portuguese'),('Qatar','Arabic'),('Republic of Ireland','English'),('Republic of Ireland','Irish'),('Republic of the Congo','French'),('Romania','Romanian'),('Russia','Russian'),('Rwanda','English'),('Rwanda','French'),('Rwanda','Kinyarwanda'),('Rwanda','Swahili'),('S?o Tomé and Príncipe','Portuguese'),('Saint Kitts and Nevis','English'),('Saint Lucia','English'),('Saint Vincent and the Grenadines','English'),('Samoa','English'),('San Marino','Italian'),('Saudi Arabia','Arabic'),('Senegal','French'),('Serbia','Serbian'),('Seychelles','English'),('Seychelles','French'),('Seychelles','Seychellois Creole'),('Sierra Leone','English'),('Singapore','English'),('Singapore','Malay'),('Singapore','Mandarin Chinese'),('Singapore','Tamil'),('Slovakia','Slovak'),('Slovenia','Slovene'),('Solomon Islands','English'),('Somalia','Arabic'),('South Africa','Afrikaans'),('South Africa','English'),('South Africa','Northern Sotho'),('South Africa','Sotho'),('South Africa','Southern Ndebele'),('South Africa','Swazi'),('South Africa','Tsonga'),('South Africa','Tswana'),('South Africa','Venda'),('South Africa','Xhosa'),('South Africa','Zulu'),('South Korea','Korean'),('South Korea','Korean Sign Language'),('South Sudan','English'),('Spain','Spanish'),('Sri Lanka','Sinhala'),('Sri Lanka','Tamil'),('Sudan','Arabic'),('Sudan','English'),('Suriname','Dutch'),('Sweden','Swedish'),('Switzerland','French '),('Switzerland','German '),('Switzerland','Italian '),('Switzerland','Romansh '),('Syria','Arabic'),('Tajikistan','Tajik'),('Tanzania','English'),('Thailand','Thai'),('The Bahamas','English'),('The Gambia','English'),('Togo','French'),('Tonga','English'),('Tonga','Tongan'),('Trinidad and Tobago','English'),('Tunisia','Arabic'),('Tunisia','French'),('Turkey','Turkish'),('Turkmenistan','Turkmen'),('Tuvalu','English'),('Tuvalu','Tuvaluan'),('Uganda','English'),('Uganda','Swahili'),('Ukraine','Ukrainian'),('United Arab Emirates','Arabic'),('Uzbekistan','Uzbek'),('Vanuatu','English'),('Vanuatu','French'),('Vatican City','Italian'),('Venezuela','Spanish'),('Venezuela','Venezuelan Sign Language'),('Vietnam','Vietnamese'),('Yemen','Arabic'),('Zambia','English'),('Zimbabwe','Chewa'),('Zimbabwe','Chibarwe'),('Zimbabwe','English'),('Zimbabwe','Kalanga'),('Zimbabwe','Khoisan'),('Zimbabwe','Nambya'),('Zimbabwe','Ndau'),('Zimbabwe','Ndebele'),('Zimbabwe','Shangani'),('Zimbabwe','Shona'),('Zimbabwe','Sign language'),('Zimbabwe','Sotho'),('Zimbabwe','Tonga'),('Zimbabwe','Tswana'),('Zimbabwe','Venda'),('Zimbabwe','Xhosa');
/*!40000 ALTER TABLE `officiallanguages` ENABLE KEYS */;
UNLOCK TABLES;

--
-- Table structure for table `timezones`
--

DROP TABLE IF EXISTS `timezones`;
/*!40101 SET @saved_cs_client     = @@character_set_client */;
/*!50503 SET character_set_client = utf8mb4 */;
CREATE TABLE `timezones` (
  `NAME` varchar(60) COLLATE utf8mb4_unicode_ci NOT NULL,
  `TIMEZONE` float NOT NULL,
  PRIMARY KEY (`NAME`,`TIMEZONE`),
  CONSTRAINT `FK_NAME` FOREIGN KEY (`NAME`) REFERENCES `country` (`NAME`) ON DELETE CASCADE ON UPDATE CASCADE
) ENGINE=InnoDB DEFAULT CHARSET=utf8mb4 COLLATE=utf8mb4_unicode_ci;
/*!40101 SET character_set_client = @saved_cs_client */;

--
-- Dumping data for table `timezones`
--

LOCK TABLES `timezones` WRITE;
/*!40000 ALTER TABLE `timezones` DISABLE KEYS */;
INSERT INTO `timezones` VALUES ('Afghanistan',4.5),('Albania',1),('Algeria',1),('Andorra',1),('Angola',1),('Antigua and Barbuda',-4),('Argentina',-3),('Armenia',4),('Australia',5),('Australia',6.5),('Australia',7),('Australia',8),('Australia',8.75),('Australia',9.5),('Australia',10),('Australia',10.5),('Australia',11),('Austria',1),('Azerbaijan',4),('Bahrain',3),('Bangladesh',6),('Barbados',-4),('Belarus',3),('Belgium',1),('Belize',-6),('Benin',1),('Bhutan',6),('Bolivia',-4),('Bosnia and Herzegovina',1),('Botswana',2),('Brazil',-5),('Brazil',-4),('Brazil',-3),('Brazil',-2),('Brunei',8),('Bulgaria',2),('Burkina Faso',0),('Burundi',2),('Cambodia',7),('Cameroon',1),('Canada',-8),('Canada',-7),('Canada',-6),('Canada',-5),('Canada',-4),('Canada',-3.5),('Cape Verde',-1),('Central African Republic',1),('Chad',1),('Chile',-6),('Chile',-4),('Chile',-3),('China',8),('Colombia',-5),('Comoros',3),('Costa Rica',-6),('Croatia',1),('Cuba',-5),('Cyprus',2),('Czech Republic',1),('Democratic Republic of the Congo',1),('Democratic Republic of the Congo',2),('Denmark',-4),('Denmark',-3),('Denmark',-1),('Denmark',0),('Denmark',1),('Djibouti',3),('Dominica',-4),('Dominican Republic',-4),('East Timor',9),('Ecuador',-6),('Ecuador',-5),('Egypt',2),('El Salvador',-6),('Equatorial Guinea',1),('Eritrea',3),('Estonia',2),('Eswatini',2),('Ethiopia',3),('Federated States of Micronesia',10),('Federated States of Micronesia',11),('Fiji',12),('Finland',2),('France',-10),('France',-9.5),('France',-9),('France',-8),('France',-4),('France',-3),('France',1),('France',3),('France',4),('France',5),('France',10),('France',11),('France',12),('Gabon',1),('Georgia',4),('Germany',1),('Ghana',0),('Greece',2),('Grenada',-4),('Guatemala',-6),('Guinea',0),('Guinea-Bissau',0),('Guyana',-4),('Haiti',-5),('Honduras',-6),('Hungary',1),('Iceland',0),('India',5.5),('Indonesia',7),('Indonesia',8),('Indonesia',9),('Iran',3.5),('Iraq',3),('Israel',2),('Italy',1),('Ivory Coast',0),('Jamaica',-5),('Japan',9),('Jordan',2),('Kazakhstan',5),('Kazakhstan',6),('Kenya',3),('Kiribati',12),('Kiribati',13),('Kiribati',14),('Kuwait',3),('Kyrgyzstan',6),('Laos',7),('Latvia',2),('Lebanon',2),('Lesotho',2),('Liberia',0),('Libya',2),('Liechtenstein',1),('Lithuania',2),('Luxembourg',1),('Madagascar',3),('Malawi',2),('Malaysia',8),('Maldives',5),('Mali',0),('Malta',1),('Marshall Islands',12),('Mauritania',0),('Mauritius',4),('Mexico',-8),('Mexico',-7),('Mexico',-6),('Mexico',-5),('Moldova',2),('Monaco',1),('Mongolia',7),('Mongolia',8),('Montenegro',1),('Morocco',1),('Mozambique',2),('Myanmar',6.5),('Namibia',1),('Nauru',12),('Nepal',5.75),('Netherlands',-4),('Netherlands',1),('New Zealand',-11),('New Zealand',-10),('New Zealand',12),('New Zealand',12.75),('New Zealand',13),('Nicaragua',-6),('Niger',1),('Nigeria',1),('North Korea',9),('North Macedonia',1),('Norway',1),('Oman',4),('Pakistan',5),('Palau',9),('Panama',-5),('Papua New Guinea',10),('Papua New Guinea',11),('Paraguay',-4),('Peru',-5),('Philippines',8),('Poland',1),('Portugal',-1),('Portugal',0),('Qatar',3),('Republic of Ireland',0),('Republic of the Congo',1),('Romania',2),('Russia',2),('Russia',3),('Russia',4),('Russia',5),('Russia',6),('Russia',7),('Russia',8),('Russia',9),('Russia',10),('Russia',11),('Russia',12),('Rwanda',2),('S?o Tomé and Príncipe',0),('Saint Kitts and Nevis',-4),('Saint Lucia',-4),('Saint Vincent and the Grenadines',-4),('Samoa',13),('San Marino',1),('Saudi Arabia',3),('Senegal',0),('Serbia',1),('Seychelles',4),('Sierra Leone',0),('Singapore',8),('Slovakia',1),('Slovenia',1),('Solomon Islands',11),('Somalia',3),('South Africa',2),('South Africa',3),('South Korea',9),('South Sudan',2),('Spain',0),('Spain',1),('Sri Lanka',5.5),('State of Palestine',2),('Sudan',2),('Suriname',-3),('Sweden',1),('Switzerland',1),('Syria',2),('Tajikistan',5),('Tanzania',3),('Thailand',7),('The Bahamas',-5),('The Gambia',0),('Togo',0),('Tonga',13),('Trinidad and Tobago',-4),('Tunisia',1),('Turkey',3),('Turkmenistan',5),('Tuvalu',12),('Uganda',3),('Ukraine',2),('United Arab Emirates',4),('United Kingdom',-8),('United Kingdom',-5),('United Kingdom',-4),('United Kingdom',-3),('United Kingdom',-2),('United Kingdom',0),('United Kingdom',1),('United Kingdom',2),('United Kingdom',6),('United States',-12),('United States',-11),('United States',-10),('United States',-9),('United States',-8),('United States',-7),('United States',-6),('United States',-5),('United States',-4),('United States',10),('United States',12),('Uruguay',-3),('Uzbekistan',5),('Vanuatu',11),('Vatican City',1),('Venezuela',-4),('Vietnam',7),('Yemen',3),('Zambia',2),('Zimbabwe',2);
/*!40000 ALTER TABLE `timezones` ENABLE KEYS */;
UNLOCK TABLES;

--
-- Table structure for table `user`
--

DROP TABLE IF EXISTS `user`;
/*!40101 SET @saved_cs_client     = @@character_set_client */;
/*!50503 SET character_set_client = utf8mb4 */;
CREATE TABLE `user` (
  `USERNAME` varchar(70) COLLATE utf8mb4_unicode_ci NOT NULL,
  `EMAIL` varchar(100) COLLATE utf8mb4_unicode_ci NOT NULL,
  `DOB` date DEFAULT NULL,
  `GENDER` char(1) COLLATE utf8mb4_unicode_ci DEFAULT NULL,
  PRIMARY KEY (`USERNAME`)
) ENGINE=InnoDB DEFAULT CHARSET=utf8mb4 COLLATE=utf8mb4_unicode_ci;
/*!40101 SET character_set_client = @saved_cs_client */;

--
-- Dumping data for table `user`
--

LOCK TABLES `user` WRITE;
/*!40000 ALTER TABLE `user` DISABLE KEYS */;
INSERT INTO `user` VALUES ('andrea17','jacksonlinda@example.net','1924-11-22','F'),('anthonypatterson','terry26@example.net','1922-09-08','M'),('changchristopher','joymosley@example.org','1981-07-22','F'),('cindycarrillo','yhiggins@example.org','1935-06-21','M'),('courtney70','albert99@example.org','1996-01-11','F'),('craiggonzales','matthewtyler@example.net','1956-08-03','M'),('david31','richard41@example.net','1990-03-26','M'),('denise71','gary66@example.com','1906-02-19','F'),('evelynwilson','david78@example.net','1918-02-08','F'),('hornesarah','fosterjoel@example.net','1965-07-29','M'),('howardkelsey','delgadocarlos@example.org','1970-01-25','F'),('iroberts','michael14@example.net','1943-12-29','F'),('jacobcooper','burkedonald@example.org','1950-12-24','M'),('lisa67','shellygarner@example.net','1918-12-13','M'),('martin44','davisjames@example.org','1924-11-29','M'),('mitchellwendy','randalljennifer@example.net','2007-04-10','F'),('nicoleedwards','justin31@example.org','1940-09-13','M'),('parksbrett','mcdanielangel@example.com','1915-06-03','F'),('poncemark','brandy32@example.net','1934-03-29','M'),('randy01','lopezmichael@example.com','1924-07-19','M'),('renee19','jack44@example.org','1988-07-23','F'),('scottrodriguez','lle@example.com','1923-04-08','F'),('steven93','cgutierrez@example.org','1982-05-15','M'),('tara67','princezachary@example.net','1948-08-15','M'),('tylerdavidson','payneamanda@example.com','1974-07-06','F');
/*!40000 ALTER TABLE `user` ENABLE KEYS */;
UNLOCK TABLES;

--
-- Table structure for table `visit`
--

DROP TABLE IF EXISTS `visit`;
/*!40101 SET @saved_cs_client     = @@character_set_client */;
/*!50503 SET character_set_client = utf8mb4 */;
CREATE TABLE `visit` (
  `COUNTRYNAME` varchar(60) COLLATE utf8mb4_unicode_ci NOT NULL,
  `USERNAME` varchar(100) COLLATE utf8mb4_unicode_ci NOT NULL,
  `ARRIVALDATE` datetime NOT NULL,
  `DEPARTURETIME` datetime DEFAULT NULL,
  `RATING` float DEFAULT NULL,
  `TEXTREVIEW` varchar(1000) COLLATE utf8mb4_unicode_ci DEFAULT NULL,
  PRIMARY KEY (`COUNTRYNAME`,`USERNAME`,`ARRIVALDATE`),
  KEY `FK_UN` (`USERNAME`),
  CONSTRAINT `FK_CTRY` FOREIGN KEY (`COUNTRYNAME`) REFERENCES `country` (`NAME`) ON UPDATE CASCADE,
  CONSTRAINT `FK_UN` FOREIGN KEY (`USERNAME`) REFERENCES `user` (`USERNAME`) ON DELETE CASCADE ON UPDATE CASCADE
) ENGINE=InnoDB DEFAULT CHARSET=utf8mb4 COLLATE=utf8mb4_unicode_ci;
/*!40101 SET character_set_client = @saved_cs_client */;

--
-- Dumping data for table `visit`
--

LOCK TABLES `visit` WRITE;
/*!40000 ALTER TABLE `visit` DISABLE KEYS */;
INSERT INTO `visit` VALUES ('Andorra','evelynwilson','1994-10-23 00:00:00','1992-11-26 00:00:00',5.9,'Run several dark bill friend we million. Similar message market music power third. Food radio him lose.'),('Andorra','nicoleedwards','2017-09-06 00:00:00','2006-12-21 00:00:00',1.4,'Space father throw somebody decision. Could show central exactly likely purpose clear across. Game sign situation require sure.'),('Angola','craiggonzales','2001-08-06 00:00:00','1992-11-06 00:00:00',3.5,'Cost question performance upon all pattern. Respond crime at machine indeed leader teach want. Relate of green investment police.'),('Angola','parksbrett','2005-11-11 00:00:00','1987-11-30 00:00:00',4.1,'None into behind toward performance song indicate nearly. Policy cause purpose hair walk or already.'),('Antigua and Barbuda','howardkelsey','2012-07-01 00:00:00','1979-12-16 00:00:00',5.8,'Fast boy though two.'),('Antigua and Barbuda','jacobcooper','2008-03-02 00:00:00','1996-07-12 00:00:00',6.2,'War its career. Evening kitchen account agreement Mrs.'),('Argentina','denise71','1982-01-25 00:00:00','1999-04-15 00:00:00',4.5,'Sell hundred here hospital feeling poor push. Sort there push listen available. Not even event heavy tough specific or.'),('Argentina','steven93','1992-06-28 00:00:00','2014-04-08 00:00:00',7,'Interesting choose indeed true other walk short employee. Party nice bed general cost.'),('Armenia','nicoleedwards','2008-02-16 00:00:00','2001-07-08 00:00:00',5.9,'Right your leg song away he agree man. Talk full situation this ago east military.'),('Australia','craiggonzales','2003-08-01 00:00:00','1990-01-09 00:00:00',9.7,'Former mouth election per executive. Improve avoid live Mrs sit.'),('Austria','renee19','1998-02-07 00:00:00','2014-11-04 00:00:00',4,'Sea administration fund follow behind step allow. Theory several senior some pay think though.'),('Azerbaijan','martin44','1988-07-08 00:00:00','1976-04-11 00:00:00',6.6,'Brother among lot last majority. Yourself movie I sure stuff suffer section. Heart blood drop decade.'),('Azerbaijan','tara67','1988-12-10 00:00:00','1971-02-27 00:00:00',3.5,'Wrong result work water Democrat kid. Prove hotel account.'),('Bahrain','steven93','1987-10-18 00:00:00','1983-07-08 00:00:00',4,'Own get all picture travel federal. Indeed prepare institution later. Minute institution newspaper all court.'),('Belize','evelynwilson','1970-06-01 00:00:00','2020-02-05 00:00:00',1,'Money away into affect national opportunity. Different majority send without book international. Bit central just guess show.'),('Belize','lisa67','2000-08-17 00:00:00','1974-05-21 00:00:00',6.5,'Protect always expert economy the huge. Such project those. Strategy admit particularly responsibility thought.'),('Bhutan','andrea17','1992-09-24 00:00:00','1993-10-11 00:00:00',9.9,'Help beyond report air. Leave foreign lead deal our serve. Protect culture television every. System quickly nearly include light history.'),('Bhutan','renee19','1977-07-15 00:00:00','1994-11-11 00:00:00',0.6,'Today agent moment anyone friend. Sign door knowledge page remain. Magazine ask along phone our book suddenly.'),('Bolivia','martin44','1977-03-19 00:00:00','1998-12-01 00:00:00',1.8,'Good character loss water professional within floor. Who industry however pattern yet American.'),('Bosnia and Herzegovina','changchristopher','2010-10-02 00:00:00','1997-06-20 00:00:00',7.7,'Although meeting hot move mother remain. Bar writer sense call particularly either.'),('Bosnia and Herzegovina','craiggonzales','2013-03-16 00:00:00','1987-02-01 00:00:00',2,'Second responsibility my wind. Soon popular only in high property.'),('Botswana','courtney70','2007-07-10 00:00:00','2004-07-11 00:00:00',2.9,'Their rule trial west all. Bed finally world management. Build task may measure.'),('Bulgaria','poncemark','1993-04-06 00:00:00','2010-10-15 00:00:00',5.1,'Affect worker available agree occur really reflect. Need great interest bad speech day impact impact. Culture relate event long.'),('Burkina Faso','courtney70','2019-01-01 00:00:00','1986-01-16 00:00:00',6.4,'Century firm daughter take. Suddenly mean late remember go dinner.'),('Cambodia','craiggonzales','2015-08-06 00:00:00','2008-04-21 00:00:00',7.3,'Perhaps daughter threat none discuss choice dog. Arrive whose hour think claim difficult need.'),('Cameroon','scottrodriguez','1983-09-19 00:00:00','2014-02-15 00:00:00',8.8,'Store find list political require. Close sign talk type seven reality final.'),('Cameroon','tylerdavidson','1993-04-13 00:00:00','1982-01-05 00:00:00',5.8,'Save everyone sense week customer candidate. Test appear top recognize support. Keep away seat art.'),('Canada','courtney70','1986-05-01 00:00:00','2008-12-26 00:00:00',9.6,'So PM forget room build blood most. Happy report radio sing.'),('Cape Verde','cindycarrillo','1976-08-26 00:00:00','2014-03-19 00:00:00',0.8,'Indeed again student while hard. Already mission unit share good.'),('Cape Verde','nicoleedwards','1997-03-07 00:00:00','2009-02-12 00:00:00',0.4,'Stuff trouble painting often itself whole reality. News hundred we everybody. Record continue experience coach cell not enjoy.'),('Chile','mitchellwendy','1990-03-19 00:00:00','2009-12-07 00:00:00',8,'Off industry brother half pay compare. Less most region mind almost research.'),('Costa Rica','cindycarrillo','1975-07-08 00:00:00','2006-07-14 00:00:00',8.1,'Positive baby view challenge ten.'),('Croatia','cindycarrillo','2015-12-17 00:00:00','2002-03-23 00:00:00',0.3,'Economy remember wear. Relationship treat water.'),('Cyprus','scottrodriguez','1992-12-28 00:00:00','1971-04-19 00:00:00',3.2,'Foreign arm its catch listen prevent rather management. Third training room total. Court interest approach visit do red.'),('Czech Republic','denise71','1994-10-13 00:00:00','1982-01-22 00:00:00',6,'Art tree nor likely employee. Stock figure PM table.'),('Democratic Republic of the Congo','david31','1980-02-27 00:00:00','1970-01-28 00:00:00',8.6,'Along tend program. Whatever trip past movement. Reduce degree this significant pay action teach.'),('Dominica','lisa67','1984-07-08 00:00:00','2018-11-18 00:00:00',7.3,'Mother perform compare quickly information leg cost. When rich else large laugh they bill. Position level according perform defense yourself job.'),('Dominican Republic','nicoleedwards','2001-03-16 00:00:00','1991-01-06 00:00:00',1.3,'Over already she everybody tonight road sister. Enjoy spend believe plant bag law education.'),('East Timor','craiggonzales','1993-03-13 00:00:00','1990-12-27 00:00:00',3.4,'Stage many head purpose. Time book sometimes source while oil because those.'),('East Timor','howardkelsey','2002-05-11 00:00:00','2011-03-14 00:00:00',5.3,'Arrive himself wonder them. Study product attack somebody.'),('East Timor','jacobcooper','1970-05-11 00:00:00','1981-09-15 00:00:00',6,'Early value drug common. Here accept above become above myself. Significant herself to necessary though see.'),('East Timor','tylerdavidson','1976-12-30 00:00:00','1980-11-01 00:00:00',1.1,'Adult on anything series positive interest interesting about. Again service show bank challenge. So by support.'),('Equatorial Guinea','tara67','2019-02-14 00:00:00','1981-11-01 00:00:00',0.9,'Television customer feel. Then kind sign report toward whom enough partner.'),('Eritrea','howardkelsey','1986-02-27 00:00:00','1984-04-05 00:00:00',5.7,'Hundred visit two safe course. Clearly result source. Mrs number piece light since soon lot.'),('Eritrea','mitchellwendy','1987-02-15 00:00:00','2010-12-14 00:00:00',1.3,'Cover car rock manage nice single present. Focus and form well newspaper.'),('Estonia','mitchellwendy','2020-06-01 00:00:00','2007-10-13 00:00:00',6.4,'Agreement certain defense expert focus moment cell in. Record we treat case onto.'),('Ethiopia','steven93','1986-12-05 00:00:00','2001-07-02 00:00:00',3.6,'Face protect certain city standard. Contain feeling stage grow use between. Three black drive deal treatment together remember.'),('Fiji','parksbrett','1990-08-03 00:00:00','1980-12-22 00:00:00',0.1,'Usually entire east street sea. Condition lot analysis smile window. Industry watch new.'),('Fiji','scottrodriguez','1995-09-20 00:00:00','2009-01-09 00:00:00',4.9,'Her sort simply stock out born reveal. Manager control suddenly house like way over one. Technology place believe town.'),('France','nicoleedwards','2010-08-04 00:00:00','1977-05-13 00:00:00',5.2,'Energy officer blue thousand though star happy at. Draw former military enjoy door.'),('Ghana','martin44','1978-08-08 00:00:00','2010-08-10 00:00:00',5.6,'Assume method network beautiful something. Both baby product. Deal board whole minute though soon.'),('Greece','courtney70','1985-12-12 00:00:00','1976-05-07 00:00:00',0.2,'Begin theory participant drive put. Production believe not arrive often.'),('Greece','denise71','2006-07-16 00:00:00','2011-08-02 00:00:00',2.5,'Social care drop quite theory. Off Democrat however general. Compare question successful us individual amount.'),('Grenada','tylerdavidson','1999-07-18 00:00:00','1982-08-25 00:00:00',5.2,'Other get represent leave reality true.'),('Guatemala','anthonypatterson','1981-01-16 00:00:00','2002-08-24 00:00:00',5.9,'Worker phone difference marriage across design everyone. Finish peace both light employee federal Republican.'),('Guatemala','nicoleedwards','2000-10-22 00:00:00','1990-02-09 00:00:00',6.5,'Effort themselves yeah want. Oil finish agree suffer others city. Stage shake lay clear face skin.'),('Guyana','iroberts','1971-06-06 00:00:00','2000-01-08 00:00:00',6.8,'Stage explain he watch piece institution itself someone. Design early few go culture shake. Have treatment although seven how.'),('Haiti','andrea17','2021-03-31 00:00:00','2018-02-15 00:00:00',3.7,'Whether leg plant Mrs. History let rather manage not respond then.'),('Haiti','tylerdavidson','2003-04-26 00:00:00','2014-05-10 00:00:00',1.2,'Care whom likely knowledge trouble position. Decide interest cause drug himself carry care reason. Have effect without win wife less.'),('Honduras','anthonypatterson','2020-07-14 00:00:00','1974-11-01 00:00:00',8.9,'Support population pattern future degree guess between. Scene determine poor affect water study. I maintain church finally along.'),('Hungary','andrea17','2009-03-23 00:00:00','2002-12-31 00:00:00',5,'Let per attorney sense class audience beautiful.'),('Hungary','randy01','2001-03-19 00:00:00','1999-08-21 00:00:00',6.2,'Save learn ball style many drug.'),('Iran','courtney70','1991-03-10 00:00:00','2016-07-14 00:00:00',2.4,'Yard wrong customer race draw. Various public machine answer.'),('Iran','hornesarah','2013-02-12 00:00:00','1992-03-08 00:00:00',5.1,'City painting final it occur around half sea.'),('Israel','lisa67','1998-12-31 00:00:00','2005-03-08 00:00:00',2.2,'Cultural speak finish exactly item civil audience. Because maybe surface imagine. Sing serious customer cut. Hotel left stay job begin defense ground.'),('Italy','hornesarah','1977-03-04 00:00:00','2002-11-26 00:00:00',2.6,'Rise media treat animal nature billion forget. Easy campaign look leave street miss force meet. Hold stock lawyer study chair work.'),('Italy','howardkelsey','1978-11-04 00:00:00','2007-01-14 00:00:00',1.8,'Within success capital run hold response strong.'),('Italy','randy01','2021-06-04 00:00:00','2002-10-17 00:00:00',4,'Product break expect unit me listen strategy. Population western recent sense.'),('Jordan','anthonypatterson','1974-01-11 00:00:00','1985-05-15 00:00:00',3.9,'Lot movement play great light marriage. Dog but dog.'),('Kenya','randy01','1981-12-18 00:00:00','1988-06-08 00:00:00',2.2,'Participant young national which top final music cold. Who information left truth several shake. Direction movement particularly statement various year development. History under thus before.'),('Kiribati','mitchellwendy','1985-09-17 00:00:00','1970-11-27 00:00:00',7,'Support common group look accept action. Job lay education letter. Approach choose eat especially speak newspaper.'),('Kiribati','tylerdavidson','1971-11-22 00:00:00','1994-10-19 00:00:00',6.1,'There single she enough father recent.'),('Latvia','anthonypatterson','1984-09-16 00:00:00','1992-07-29 00:00:00',6.9,'Dog any someone loss sense. Red color behind office forward key.'),('Latvia','martin44','1997-10-04 00:00:00','1977-06-12 00:00:00',2.9,'There arm meeting enough we blood recently include. Rock condition choice difficult modern mention high really.'),('Latvia','martin44','2015-12-11 00:00:00','1976-06-03 00:00:00',5.2,'Order new relationship old move first. Less example country require image right answer. Will score opportunity international yes end right. Use music risk soldier feeling why.'),('Latvia','mitchellwendy','1997-12-02 00:00:00','1983-10-23 00:00:00',3.7,'Standard deal big research wonder meet allow us. Particular only newspaper choose.'),('Lebanon','steven93','1983-04-15 00:00:00','1991-11-29 00:00:00',0,'Themselves thus to character program. A win as or party. Worker specific laugh hour so American choice.'),('Lebanon','steven93','2018-06-29 00:00:00','2014-12-17 00:00:00',3.2,'Time walk brother light property. System Democrat machine stage customer fish. Pull partner night girl condition require.'),('Liberia','mitchellwendy','2008-01-14 00:00:00','1985-08-18 00:00:00',1.3,'Manage stand smile style sense. Study whole recently degree away court final off.'),('Libya','tylerdavidson','1995-01-18 00:00:00','2018-12-13 00:00:00',2,'Since think candidate arm. Despite crime conference address hear.'),('Liechtenstein','iroberts','2002-09-14 00:00:00','2002-11-29 00:00:00',4.5,'Always simply wide Mrs tough understand who. Head general husband collection.'),('Liechtenstein','steven93','1984-02-08 00:00:00','1999-05-23 00:00:00',2.3,'Ok check bit happen hear yourself allow. Foot hotel message successful spend conference share spend.'),('Liechtenstein','tylerdavidson','2008-02-28 00:00:00','1979-05-06 00:00:00',8.1,'Small long since bring research. Moment page list same reduce personal future involve.'),('Lithuania','changchristopher','1989-12-01 00:00:00','2014-02-26 00:00:00',1.7,'Break father something southern employee. Will campaign different never step.'),('Madagascar','anthonypatterson','2005-02-16 00:00:00','1991-08-31 00:00:00',7.5,'Owner main role that.'),('Madagascar','howardkelsey','1983-07-05 00:00:00','1994-10-28 00:00:00',7.4,'Improve his pay whole forward send. Turn political color evidence choice.'),('Malawi','craiggonzales','2002-04-17 00:00:00','1998-05-13 00:00:00',1,'Agent important staff meeting cup turn training particular. President challenge order prove. Enter nor news same own street.'),('Malaysia','hornesarah','1987-04-04 00:00:00','1981-11-29 00:00:00',9.5,'Election TV Mr government material education pretty.'),('Maldives','evelynwilson','1986-01-02 00:00:00','1994-03-13 00:00:00',4.4,'Various hot agreement point. Now baby include office. Resource behind wear citizen alone might early. None owner school foreign million table condition.'),('Mauritania','lisa67','2002-11-25 00:00:00','1979-11-07 00:00:00',9.7,'Think hand gas follow agency sit. Tv fight chair.'),('Mauritania','martin44','2012-06-18 00:00:00','1978-01-24 00:00:00',4.2,'Take policy power area many. Whether lay first south.'),('Mauritius','parksbrett','2010-05-18 00:00:00','1999-01-18 00:00:00',6.9,'Difficult worry ball control would record occur common. American remember science per.'),('Mexico','jacobcooper','1990-11-06 00:00:00','2013-07-11 00:00:00',4.8,'Still deep kid really never lead life type.'),('Moldova','hornesarah','1972-08-15 00:00:00','1997-01-17 00:00:00',9,'Order provide catch sister structure western. Very letter sell senior enjoy.'),('Montenegro','denise71','2005-04-24 00:00:00','1974-12-23 00:00:00',3,'Piece prepare car mean reach. Sing serious population section party election. Find treatment standard.'),('Montenegro','evelynwilson','2011-09-04 00:00:00','1988-01-10 00:00:00',9.3,'Current dark machine when bank business affect. Kind pay professor. Foot rate deal back miss house.'),('Morocco','david31','2006-10-21 00:00:00','1977-02-04 00:00:00',1.3,'Face vote whole go everything keep. Suggest mean character film soon instead once.'),('Mozambique','anthonypatterson','2012-10-25 00:00:00','1996-02-03 00:00:00',9.3,'Stage choose history citizen capital size. All happen result week table cell success building.'),('Mozambique','changchristopher','1981-03-29 00:00:00','2013-03-04 00:00:00',1.4,'Seek production economic benefit. Question what popular question.'),('Mozambique','denise71','2013-12-15 00:00:00','1982-01-02 00:00:00',3.5,'Black court medical behind place. Economy group exactly good.'),('Namibia','mitchellwendy','1998-04-29 00:00:00','1981-09-04 00:00:00',3.4,'Quite value range. Suggest beyond discover entire they term first environment.'),('Netherlands','parksbrett','1970-12-19 00:00:00','1971-05-02 00:00:00',6.4,'Behind among successful student environmental seat kitchen discuss. Police everybody relationship at which.'),('Nicaragua','poncemark','2014-08-16 00:00:00','1992-06-10 00:00:00',2.8,'Candidate lead him plan happy. Such let want before imagine.'),('Nicaragua','tara67','1994-07-27 00:00:00','1971-02-16 00:00:00',1.2,'Matter how consider including relate debate read article. Second half deal interesting theory. Do within yet enjoy stay gun media artist.'),('Niger','david31','1998-06-09 00:00:00','1978-01-17 00:00:00',3.2,'Land while themselves we history. Impact fear present network. Commercial heavy and agree very traditional.'),('Niger','poncemark','1971-09-18 00:00:00','2012-04-01 00:00:00',1,'Else report official front run director two. Writer another door bit. Pressure keep else high. Everything night to easy.'),('Nigeria','jacobcooper','2021-02-07 00:00:00','2003-01-09 00:00:00',6.1,'Anyone professor serve story. Value possible service add guess manage. Career hundred laugh three between world. Amount capital able feel form ahead.'),('North Korea','changchristopher','2008-05-30 00:00:00','2021-09-11 00:00:00',7.6,'Budget sense machine program age machine especially. One media peace very citizen. Full edge may along claim executive change.'),('Norway','scottrodriguez','1989-05-30 00:00:00','1970-07-09 00:00:00',9.5,'Word not pass piece. Do expect else business try heart. Class collection energy adult allow become.'),('Oman','jacobcooper','1994-05-08 00:00:00','2011-03-27 00:00:00',8.2,'Interview start whatever low. Quickly both magazine house interview car meeting. Model win next season.'),('Papua New Guinea','david31','1985-02-27 00:00:00','1971-01-10 00:00:00',4.7,'Forget whole time him two. Opportunity central door whose network.'),('Papua New Guinea','poncemark','1985-11-14 00:00:00','1998-11-19 00:00:00',3.5,'Effect once approach trouble. School there far pressure establish together.'),('Papua New Guinea','renee19','1996-04-10 00:00:00','2020-04-15 00:00:00',5.3,'Determine degree into free tonight provide loss. Treat today manage win become always. North receive card public research computer. Owner consumer step fast shake step.'),('Philippines','tara67','1997-12-09 00:00:00','1991-12-25 00:00:00',1.7,'Exist center significant air model national outside. Painting top memory someone knowledge work store. One million late simply fear activity prepare.'),('Poland','iroberts','1977-09-11 00:00:00','1995-08-03 00:00:00',6.1,'Why cultural especially. A more above. With toward ability.'),('Poland','randy01','2003-12-03 00:00:00','2019-05-06 00:00:00',3,'Put require song. Will option president relate evidence.'),('Portugal','martin44','2012-10-11 00:00:00','1974-04-09 00:00:00',4.3,'Expect well agree resource foreign his although. Man collection site debate seat of cause.'),('Portugal','poncemark','2017-01-02 00:00:00','2019-01-03 00:00:00',9.9,'Number whom face quickly. Miss provide service really. Name open all spend side responsibility.'),('Republic of Ireland','hornesarah','1980-06-03 00:00:00','2007-02-08 00:00:00',8.4,'Suggest phone technology information like no. House benefit follow central. East from especially little bring month top against.'),('Republic of Ireland','howardkelsey','2011-09-05 00:00:00','2013-06-07 00:00:00',8,'Throughout nature knowledge agreement entire. Start clearly recently pay performance. Voice speak seat their sport.'),('Romania','andrea17','2017-08-03 00:00:00','2007-12-19 00:00:00',0.9,'Professional fight true before never.'),('Romania','courtney70','1995-07-06 00:00:00','1993-03-10 00:00:00',6.2,'Right base soldier. Wife country develop while respond energy foot. Something debate raise beautiful light. Education create lawyer always on manager owner.'),('Romania','howardkelsey','1970-01-03 00:00:00','2007-02-12 00:00:00',2.3,'Help hard or reality return beautiful. Whose house bill. Collection never arrive individual home coach audience today.'),('Romania','iroberts','1972-01-18 00:00:00','2020-02-09 00:00:00',7.4,'As likely guy method become. Bit majority base crime machine vote go. Sense century true opportunity.'),('Romania','mitchellwendy','2001-05-04 00:00:00','1986-02-28 00:00:00',5.4,'Democratic final threat call receive medical. Seem front actually both various. Whatever good action bed collection.'),('Rwanda','steven93','1970-09-26 00:00:00','1987-06-29 00:00:00',4.4,'Kid someone agent investment. Recent least seem be notice especially left. Teach line agent each size.'),('S?o Tomé and Príncipe','anthonypatterson','1981-07-09 00:00:00','1998-10-14 00:00:00',7.9,'Left two all between certain research management choice. Bank officer mean production.'),('S?o Tomé and Príncipe','poncemark','1970-07-18 00:00:00','2006-08-28 00:00:00',2.2,'Talk answer identify stuff size international. Drop week first say task new.'),('Saint Kitts and Nevis','courtney70','1983-12-18 00:00:00','2011-10-13 00:00:00',7.8,'Effect interest three child. Suffer camera professor letter worry.'),('Saint Lucia','david31','2009-01-05 00:00:00','2019-04-10 00:00:00',2.4,'Stay girl education want top.'),('Saint Lucia','hornesarah','1985-10-22 00:00:00','1981-05-19 00:00:00',5.5,'Push citizen wait. Situation toward become over table. Center box notice thought relationship fund.'),('Saudi Arabia','courtney70','1990-11-15 00:00:00','2015-01-30 00:00:00',3.6,'Rock Mr cause strong seven some condition.'),('Saudi Arabia','hornesarah','1996-09-04 00:00:00','2020-08-21 00:00:00',7.3,'Especially time hold process listen remember recognize. Tree call physical fight war. Unit thousand however first.'),('Singapore','anthonypatterson','2003-10-03 00:00:00','2002-07-31 00:00:00',5.6,'Establish where know visit Republican discuss then. Office individual get movie goal. Single tonight because hair actually born.'),('Slovakia','david31','1970-02-27 00:00:00','1998-02-21 00:00:00',8.1,'Person specific lawyer total. Include else take. Cup partner any run suddenly.'),('Slovakia','howardkelsey','1983-03-17 00:00:00','2007-08-26 00:00:00',3.6,'However base door ok present gun. Join like window style western direction policy name. Section first most meeting.'),('Slovenia','iroberts','1998-07-28 00:00:00','1993-06-26 00:00:00',6.2,'Ball dream woman decade window left school. Line hair fear green either reach pick. Staff would beautiful fund. Cold her process whom best among enjoy.'),('Slovenia','tylerdavidson','1986-07-15 00:00:00','2004-06-15 00:00:00',0.6,'Structure kitchen they summer toward. Call nearly during perform fire discover push. War great resource nation sort edge.'),('Somalia','poncemark','1982-09-12 00:00:00','1970-02-07 00:00:00',7.4,'Create serious far. Health owner laugh too court important would.'),('Somalia','tara67','1980-08-17 00:00:00','2003-08-13 00:00:00',2.1,'Let analysis price prevent. Surface time American thus game next.'),('South Africa','changchristopher','1998-10-26 00:00:00','1989-11-19 00:00:00',7.8,'Always nearly put explain daughter newspaper local. Sense produce work listen thing feeling season.'),('South Africa','steven93','2001-03-09 00:00:00','2001-07-08 00:00:00',9.4,'Enjoy high service local media. Form lay camera collection chance know us usually.'),('South Korea','craiggonzales','2003-10-18 00:00:00','2013-06-29 00:00:00',2.5,'Best argue since after may force. Environmental why behavior court including hear expert street. Place more in woman information sing past.'),('Spain','renee19','2001-07-01 00:00:00','2003-09-21 00:00:00',9.2,'Easy how wife discussion money. Response walk late research hour attorney of through. Our spring truth face state.'),('Spain','scottrodriguez','1984-06-10 00:00:00','2013-10-03 00:00:00',6.9,'Close strong international test behind. Future phone local. Style news space foreign sit view.'),('Sri Lanka','parksbrett','1984-03-26 00:00:00','1973-10-09 00:00:00',6.6,'Market special serve positive play water. Oil family store. Money final involve individual plant happy term.'),('Suriname','martin44','1996-08-01 00:00:00','2017-01-09 00:00:00',0.5,'Theory fine whole turn woman mind several. Western from career amount whom change weight. Do whose significant share.'),('Sweden','nicoleedwards','1972-03-26 00:00:00','1982-10-04 00:00:00',8.9,'Strategy big safe dinner rock baby third country. Explain practice network reach our fall.'),('Tanzania','changchristopher','2019-12-06 00:00:00','1993-05-29 00:00:00',3.4,'Above energy attack.'),('Trinidad and Tobago','randy01','2017-10-21 00:00:00','1998-10-02 00:00:00',4.4,'Security factor tell yes stock. Tonight beyond laugh step population list.'),('Tunisia','craiggonzales','2003-11-18 00:00:00','1988-02-22 00:00:00',5,'Conference deep until exist traditional they back computer. Reduce tree exactly art according so real.'),('Turkmenistan','tylerdavidson','2003-01-03 00:00:00','2009-11-05 00:00:00',3.5,'Western parent thank behavior blue trade generation.'),('Uganda','cindycarrillo','2016-03-24 00:00:00','2010-12-11 00:00:00',3.5,'Add wide wall fight movement Democrat cold. Nation approach certain eat especially section.'),('Uganda','martin44','1985-08-13 00:00:00','1972-03-07 00:00:00',7.7,'Heart official fall understand reveal. Eight a deep several. Join probably should view authority.'),('United States','renee19','1985-08-12 00:00:00','2019-04-03 00:00:00',2.2,'Ball strong green focus star yet south.'),('Uzbekistan','lisa67','1989-11-16 00:00:00','2007-03-31 00:00:00',0.1,'Heavy high half policy present fire front. Hair of go.'),('Vatican City','andrea17','2011-06-24 00:00:00','1980-07-11 00:00:00',6.6,'Economic see I over truth show mean. Coach young meet cut thus should.'),('Vatican City','changchristopher','1988-07-01 00:00:00','1993-11-26 00:00:00',6.2,'Many table action. Woman executive unit your plant including. Old involve prevent alone.'),('Zambia','iroberts','1992-03-20 00:00:00','2007-04-21 00:00:00',7.5,'Play along claim year ahead work similar. Keep thought bill later. Throughout environmental its onto.');
/*!40000 ALTER TABLE `visit` ENABLE KEYS */;
UNLOCK TABLES;

--
-- Dumping events for database 'geopedia'
--

--
-- Dumping routines for database 'geopedia'
--
/*!40103 SET TIME_ZONE=@OLD_TIME_ZONE */;

/*!40101 SET SQL_MODE=@OLD_SQL_MODE */;
/*!40014 SET FOREIGN_KEY_CHECKS=@OLD_FOREIGN_KEY_CHECKS */;
/*!40014 SET UNIQUE_CHECKS=@OLD_UNIQUE_CHECKS */;
/*!40101 SET CHARACTER_SET_CLIENT=@OLD_CHARACTER_SET_CLIENT */;
/*!40101 SET CHARACTER_SET_RESULTS=@OLD_CHARACTER_SET_RESULTS */;
/*!40101 SET COLLATION_CONNECTION=@OLD_COLLATION_CONNECTION */;
/*!40111 SET SQL_NOTES=@OLD_SQL_NOTES */;

-- Dump completed on 2021-11-09 17:54:40
